"paper_id","forward_backward","include_exclude","exclude_t0_calcofi_report","exclude_t1_not_marine_species","exclude_t2_outdated_pre1900","exclude_t3_not_poleward","exclude_t3_not_in_BC_CA_OR_WA","exclude_t4_not_in_temperate_enpacific","latin_name","species_reference","common_name","taxonomic_rank","life_stage_verbatim","observation_location_verbatim","latitude_verbatim","longitude_verbatim","latitude","latitude_reference","longitude","longitude_reference","year","month","day","time","historical_north_range_verbatim_archived","historical_north_range_reference_archived","extension_confidence_criteria","NA."
1,"Forwards","Exclude",NA,NA,NA,"TRUE",NA,"","","","","","","","","",NA,"",NA,"","","","",NA,"","","","Exclude"
2,"Forwards","Exclude",NA,NA,NA,"TRUE",TRUE,"","","","","","","","","",NA,"",NA,"","","","",NA,"","","","Exclude"
3,"Forwards","Exclude",NA,TRUE,NA,"",NA,"","","","","","","","","",NA,"",NA,"","","","",NA,"","","","Exclude"
4,"Forwards","Exclude",NA,NA,NA,"TRUE",TRUE,"","","","","","","","","",NA,"",NA,"","","","",NA,"","","","Exclude"
5,"Forwards","Exclude",NA,TRUE,NA,"",NA,"","","","","","","","","",NA,"",NA,"","","","",NA,"","","","Exclude"
6,"Forwards","Exclude",NA,NA,NA,"",TRUE,"TRUE","","","","","","","","",NA,"",NA,"","","","",NA,"","","","Exclude"
7,"Forwards","Exclude",NA,NA,NA,"TRUE",TRUE,"","","","","","","","","",NA,"",NA,"","","","",NA,"","","","Exclude"
8,"Forwards","Exclude",NA,NA,NA,"TRUE",TRUE,"","","","","","","","","",NA,"",NA,"","","","",NA,"","","","Exclude"
9,"Forwards","Exclude",NA,TRUE,NA,"",NA,"","","","","","","","","",NA,"",NA,"","","","",NA,"","","","Exclude"
10,"Forwards","Inconclusive",NA,NA,NA,"",TRUE,"","","","","","","","","",NA,"",NA,"","","","",NA,"","","","Exclude"
11,"Forwards","Exclude",NA,NA,NA,"TRUE",TRUE,"","","","","","","","","",NA,"",NA,"","","","",NA,"","","","Exclude"
12,"Forwards","Exclude",NA,NA,TRUE,"",NA,"","","","","","","","","",NA,"",NA,"","","","",NA,"","","","Exclude"
13,"Forwards","Include",NA,NA,NA,"",NA,"","Portunus xantusii","","Xantus Swimming Crab","Species","adult","Tomales Bay, CA","38°13'42.1""N","122°58'18.2""W",38.22836,"Paper",-122.97186,"Paper","2016","11","22",NA,"370 km northward range expansion","","Long-term monitoring site","Include"
14,"Forwards","Exclude",NA,NA,NA,"TRUE",TRUE,"","","","","","","","","",NA,"",NA,"","","","",NA,"","","","Exclude"
15,"Forwards","Exclude",NA,NA,TRUE,"",NA,"","","","","","","","","",NA,"",NA,"","","","",NA,"","","","Exclude"
16,"Forwards","Exclude",NA,NA,NA,"TRUE",NA,"","","","","","","","","",NA,"",NA,"","","","",NA,"","","","Exclude"
17,"Forwards","Exclude",NA,TRUE,NA,"",NA,"","","","","","","","","",NA,"",NA,"","","","",NA,"","","","Exclude"
18,"Forwards","Exclude",NA,TRUE,NA,"",NA,"","","","","","","","","",NA,"",NA,"","","","",NA,"","","","Exclude"
19,"Forwards","Exclude",NA,TRUE,NA,"",NA,"","","","","","","","","",NA,"",NA,"","","","",NA,"","","","Exclude"
20,"Forwards","Exclude",NA,NA,TRUE,"",NA,"","","","","","","","","",NA,"",NA,"","","","",NA,"","","","Exclude"
21,"Forwards","Exclude",NA,NA,NA,"",TRUE,"","","","","","","","","",NA,"",NA,"","","","",NA,"","","","Exclude"
22,"Forwards","Exclude",NA,NA,NA,"TRUE",TRUE,"","","","","","","","","",NA,"",NA,"","","","",NA,"","","","Exclude"
23,"Forwards","Exclude",NA,NA,NA,"TRUE",TRUE,"","","","","","","","","",NA,"",NA,"","","","",NA,"","","","Exclude"
24,"Forwards","Exclude",NA,TRUE,NA,"",NA,"","","","","","","","","",NA,"",NA,"","","","",NA,"","","","Exclude"
25,"Forwards","Exclude",NA,TRUE,NA,"",NA,"","","","","","","","","",NA,"",NA,"","","","",NA,"","","","Exclude"
26,"Forwards","Exclude",NA,NA,NA,"TRUE",TRUE,"","","","","","","","","",NA,"",NA,"","","","",NA,"","","","Exclude"
27,"Forwards","Exclude",NA,NA,NA,"TRUE",NA,"","","","","","","","","",NA,"",NA,"","","","",NA,"","","","Exclude"
28,"Forwards","Exclude",NA,NA,NA,"TRUE",TRUE,"","","","","","","","","",NA,"",NA,"","","","",NA,"","","","Exclude"
29,"Forwards","Exclude",NA,NA,TRUE,"",NA,"","","","","","","","","",NA,"",NA,"","","","",NA,"","","","Exclude"
30,"Forwards","Exclude",NA,NA,NA,"TRUE",NA,"","","","","","","","","",NA,"",NA,"","","","",NA,"","","","Exclude"
31,"Forwards","Exclude",NA,NA,NA,"TRUE",TRUE,"","","","","","","","","",NA,"",NA,"","","","",NA,"","","","Exclude"
32,"Forwards","Inconclusive",NA,NA,NA,"",NA,"","Atlanta oligogyra","Tesch, 1906","","Species","shell","~ 31 degrees north (IPN-CICIMAR, BIPOCO1407 sta. 103.3.40; 30 degrees 46' 51.5634""N, 117 degrees 4' 40.8""W","30 degrees 46' 51.5634""N","117 degrees 4' 40.8""W",NA,"",NA,"","","","",NA,"northernmost records in the east Pacific for this species before this study was in the Gulf of Tehuantepec (Moreno-Alcantara et al. 2014) and Gulf of California (Angulo-Campillo et al. 2011), Mexico., Cosmopolitan in tropical to subtropical waters, to 31 degrees north in the Pacific. Common to abundant.","Moreno-Alcantara et al. 2014. Holoplanktonic molluscs (Gastropoda: Pterotracheoidea, Thecosomata and Gymnosomata) from the southern Mexican Pacific. Journal of Molluscan Studies, 80, 131-138., Angulo-Campillo et al. 2011. Holoplanktonic mollusks (Mollusca: Gastropoda) from the Gulf of California, Mexico, Check List, 7, 337-342.","","Exclude"
32,"Forwards","Inconclusive",NA,NA,NA,"",NA,"","Protatlanta souleyeti","Smith, 1888","","Species","shell","the specimen used to determine this range extension was recorded off Oregon, USA (USNM 331110). Several specimens were observed in samples from off Baja California Peninsula (IPN-CICIMAR BIPOCO1407 cruise","","",NA,"",NA,"","","","",NA,"northernmost records in the east Pacific for this species before this study was in the Gulf of tehuantepec (Moreno-Alcantara et al. 2014) and Gulf of California (angulo-Campillo et al. 2011), Mexico. Cosmopolitan in tropical to subtropical waters, to ~46 degrees N, in the east Pacific. Uncommon.","Moreno-Alcantara et al. 2014. Angulo-Campillo et al. 2011.","","Inconclusive"
33,"Forwards","Inconclusive",NA,NA,NA,"",NA,"","","","","","","","","",NA,"",NA,"","","","",NA,"","","","Inconclusive"
34,"Forwards","Exclude",NA,TRUE,NA,"",NA,"","","","","","","","","",NA,"",NA,"","","","",NA,"","","","Exclude"
35,"Forwards","Exclude",NA,NA,NA,"TRUE",NA,"","","","","","","","","",NA,"",NA,"","","","",NA,"","","","Exclude"
36,"Forwards","Exclude",NA,NA,NA,"TRUE",TRUE,"","","","","","","","","",NA,"",NA,"","","","",NA,"","","","Exclude"
37,"Forwards","Exclude",NA,NA,NA,"TRUE",NA,"","","","","","","","","",NA,"",NA,"","","","",NA,"","","","Exclude"
38,"Forwards","Exclude",NA,NA,NA,"TRUE",TRUE,"","","","","","","","","",NA,"",NA,"","","","",NA,"","","","Exclude"
39,"Forwards","Exclude",NA,NA,NA,"TRUE",NA,"","","","","","","","","",NA,"",NA,"","","","",NA,"","","","Exclude"
40,"Forwards","Exclude",NA,TRUE,NA,"",NA,"","","","","","","","","",NA,"",NA,"","","","",NA,"","","","Exclude"
41,"Forwards","Inconclusive",NA,NA,NA,"",NA,"","","","","","","","","",NA,"",NA,"","","","",NA,"","","","Inconclusive"
42,"Forwards","Exclude",NA,NA,TRUE,"",NA,"","","","","","","","","",NA,"",NA,"","","","",NA,"","","","Exclude"
43,"Forwards","Exclude",NA,NA,NA,"TRUE",TRUE,"","","","","","","","","",NA,"",NA,"","","","",NA,"","","","Exclude"
44,"Forwards","Exclude",NA,NA,NA,"TRUE",TRUE,"","","","","","","","","",NA,"",NA,"","","","",NA,"","","","Exclude"
45,"Forwards","Exclude",NA,NA,NA,"TRUE",NA,"","","","","","","","","",NA,"",NA,"","","","",NA,"","","","Exclude"
46,"Forwards","Exclude",NA,NA,NA,"TRUE",NA,"","","","","","","","","",NA,"",NA,"","","","",NA,"","","","Exclude"
47,"Forwards","Include",NA,NA,NA,"",NA,"","Pleuroncodes planipes","","pelagic red crab","Species","","La Jolla","31.87","",31.87,"Paper",-114.920613833209,"R generated","1957","June-July, October, December","",NA,"southwest coast of the Baja California peninsula","","Long-term monitoring site","Include"
47,"Forwards","Include",NA,NA,NA,"",NA,"","Pleuroncodes planipes","","pelagic red crab","Species","","Monterey","36.6","",36.6,"Paper",-121.964029292987,"R generated","1958","April","",NA,"southwest coast of the Baja California peninsula","","Long-term monitoring site","Include"
47,"Forwards","Include",NA,NA,NA,"",NA,"","Pleuroncodes planipes","","pelagic red crab","Species","","San Pedro","33.8","",33.8,"Paper",-118.405260650672,"R generated","1959","January-March, December","",NA,"southwest coast of the Baja California peninsula","","Long-term monitoring site","Include"
47,"Forwards","Include",NA,NA,NA,"",NA,"","Pleuroncodes planipes","","pelagic red crab","Species","","Monterey","36.6","",36.6,"Paper",-121.964029292987,"R generated","1960","January ","",NA,"southwest coast of the Baja California peninsula","","Long-term monitoring site","Include"
47,"Forwards","Include",NA,NA,NA,"",NA,"","Pleuroncodes planipes","","pelagic red crab","Species","","Monterey","36.6","",36.6,"Paper",-121.964029292987,"R generated","1969","December","",NA,"southwest coast of the Baja California peninsula","","Long-term monitoring site","Include"
47,"Forwards","Include",NA,NA,NA,"",NA,"","Pleuroncodes planipes","","pelagic red crab","Species","","Monterey","36.6","",36.6,"Paper",-121.964029292987,"R generated","1970","January-March ","",NA,"southwest coast of the Baja California peninsula","","Long-term monitoring site","Include"
47,"Forwards","Include",NA,NA,NA,"",NA,"","Pleuroncodes planipes","","pelagic red crab","Species","","Monterey","36.6","",36.6,"Paper",-121.964029292987,"R generated","1972","December","",NA,"southwest coast of the Baja California peninsula","","Long-term monitoring site","Include"
47,"Forwards","Include",NA,NA,NA,"",NA,"","Pleuroncodes planipes","","pelagic red crab","Species","","Monterey","36.6","",36.6,"Paper",-121.964029292987,"R generated","1973","January-March ","",NA,"southwest coast of the Baja California peninsula","","Long-term monitoring site","Include"
47,"Forwards","Include",NA,NA,NA,"",NA,"","Pleuroncodes planipes","","pelagic red crab","Species","","Santa Cruz Island","34","",34,"Paper",-120.247171429253,"R generated","1979","April","",NA,"southwest coast of the Baja California peninsula","","Long-term monitoring site","Include"
47,"Forwards","Include",NA,NA,NA,"",NA,"","Pleuroncodes planipes","","pelagic red crab","Species","","Point Dume","34","",34,"Paper",-120.247171429253,"R generated","1980","February","",NA,"southwest coast of the Baja California peninsula","","Long-term monitoring site","Include"
47,"Forwards","Include",NA,NA,NA,"",NA,"","Pleuroncodes planipes","","pelagic red crab","Species","","San Nicolas Island","33.25","",33.25,"Paper",-119.566956960394,"R generated","1982","December","",NA,"southwest coast of the Baja California peninsula","","Long-term monitoring site","Include"
47,"Forwards","Include",NA,NA,NA,"",NA,"","Pleuroncodes planipes","","pelagic red crab","Species","","San Nicolas Island","33.25","",33.25,"Paper",-119.566956960394,"R generated","1983","July","",NA,"southwest coast of the Baja California peninsula","","Long-term monitoring site","Include"
47,"Forwards","Include",NA,NA,NA,"",NA,"","Pleuroncodes planipes","","pelagic red crab","Species","","San Nicolas Island","33.25","",33.25,"Paper",-119.566956960394,"R generated","1983","July","",NA,"southwest coast of the Baja California peninsula","","Long-term monitoring site","Include"
47,"Forwards","Include",NA,NA,NA,"",NA,"","Pleuroncodes planipes","","pelagic red crab","Species","","Duxbury Reef","37.902138","",37.902138,"Paper",-122.722987753551,"R generated","1985","January","",NA,"southwest coast of the Baja California peninsula","","Long-term monitoring site","Include"
47,"Forwards","Include",NA,NA,NA,"",NA,"","Pleuroncodes planipes","","pelagic red crab","Species","","Monterey Bay","36.6","",36.6,"Paper",-121.964029292987,"R generated","1997","","",NA,"southwest coast of the Baja California peninsula","","Long-term monitoring site","Include"
47,"Forwards","Include",NA,NA,NA,"",NA,"","Pleuroncodes planipes","","pelagic red crab","Species","","off California","","",32.55,"Google Maps",-117.128359408246,"R generated","2002","","",NA,"southwest coast of the Baja California peninsula","","Long-term monitoring site","Include"
48,"Forwards","Exclude",NA,NA,TRUE,"",NA,"","","","","","","","","",NA,"",NA,"","","","",NA,"","","","Exclude"
49,"Forwards","Exclude",NA,NA,NA,"TRUE",TRUE,"","","","","","","","","",NA,"",NA,"","","","",NA,"","","","Exclude"
50,"Forwards","Exclude",NA,NA,NA,"TRUE",TRUE,"","","","","","","","","",NA,"",NA,"","","","",NA,"","","","Exclude"
51,"Forwards","Exclude",NA,NA,NA,"TRUE",TRUE,"","","","","","","","","",NA,"",NA,"","","","",NA,"","","","Exclude"
52,"Forwards","Exclude",NA,TRUE,NA,"",NA,"","","","","","","","","",NA,"",NA,"","","","",NA,"","","","Exclude"
53,"Forwards","Exclude",NA,NA,NA,"TRUE",TRUE,"","Neanthes micromma","Harper 1979","","Species","","Gulf of Nicoya, subtidal: STA 2; 9º55'28"" N, 84º52'05"" W, 18 m, muddy sand, Jan. 1980 (1); STA 4; 9º53'40"" N, 84º46'10"" W, 40 m, mud, Jul. 1980 (1); STA 24; 9º49'25"" N, 84º41'20"" W, 11 m, sand, Oct. 1980 (12), Jan. 1981 (2), Apr. 1981 (2), Jun. 1981 (2), Aug. 1981 (3), Dec. 1993 (3); STA 27; 9º51'57"" N, 84º50'50"" W, 12 m, muddy sand, Jul. 1980 (1); STA 28; 9º52'16"" N, 84º45'30"" W, 26 m, mud, Aug. 1981 (1), Apr. 1982 (1); STA 29; 9º54'55"" N, 84º45'15"" W, 18 m, muddy sand, Aug. 1981 (1); STA 30; 9º54'40"" N, 84º45'50"" W, 18 m, muddy sand, Oct. 1980 (2); STA 44; 9º59'17"" N, 84º54'25"" W, 24m, muddy sand, Jul. 1980 (1). Intertidal: Punta Morales, 10º N; 84º58' W, north side; intertidal mud, Sep. 1988 (1), Jul. 1997 (19); intertidal sand Jul. 1997 (9); man-grove roots, Jan. 1996 (1): Punta Morales, south side; mid-intertidal muddy sand Jun. 1983 (1), Jun. 1986 (1); Lagartos Point, fine sand Sep. 1988 (1); soupy mud Jul. 1997 (10); Algal mat, tidal pool, Sep. 1988 (1). Golfo Dulce, Intertidal: Golfito, mid-intertidal mud Sep. 1986 (1).","9º57'30"" N","84º53'00"" W",NA,"",NA,"","1980-1986","","",NA,"known from the Gulf of Mexico on muddy sand and silt-clay sediments at depths of 10-50 meters and from the Gulf of California from fine and silty sands at 28-79 m. This species was collected intertidally in Costa Rica","","","Exclude"
54,"Forwards","Exclude",NA,NA,NA,"TRUE",TRUE,"TRUE","","","","","","","","",NA,"",NA,"","","","",NA,"","","","Exclude"
55,"Forwards","Exclude",NA,TRUE,NA,"",NA,"","","","","","","","","",NA,"",NA,"","","","",NA,"","","","Exclude"
56,"Forwards","Exclude",NA,NA,TRUE,"",NA,"","","","","","","","","",NA,"",NA,"","","","",NA,"","","","Exclude"
57,"Forwards","Exclude",NA,NA,NA,"TRUE",NA,"","","","","","","","","",NA,"",NA,"","","","",NA,"","","","Exclude"
58,"Forwards","Exclude",NA,TRUE,NA,"",NA,"","","","","","","","","",NA,"",NA,"","","","",NA,"","","","Exclude"
59,"Forwards","Exclude",NA,NA,NA,"TRUE",NA,"","","","","","","","","",NA,"",NA,"","","","",NA,"","","","Exclude"
60,"Forwards","Exclude",NA,NA,NA,"TRUE",NA,"","","","","","","","","",NA,"",NA,"","","","",NA,"","","","Exclude"
61,"Forwards","Exclude",NA,NA,NA,"TRUE",TRUE,"","","","","","","","","",NA,"",NA,"","","","",NA,"","","","Exclude"
62,"Forwards","Exclude",NA,NA,TRUE,"",NA,"","","","","","","","","",NA,"",NA,"","","","",NA,"","","","Exclude"
63,"Forwards","Exclude",NA,NA,NA,"TRUE",NA,"","","","","","","","","",NA,"",NA,"","","","",NA,"","","","Exclude"
64,"Forwards","Exclude",NA,NA,NA,"TRUE",NA,"","","","","","","","","",NA,"",NA,"","","","",NA,"","","","Exclude"
65,"Forwards","Exclude",NA,NA,TRUE,"",NA,"","","","","","","","","",NA,"",NA,"","","","",NA,"","","","Exclude"
66,"Forwards","Exclude",NA,NA,NA,"TRUE",NA,"","","","","","","","","",NA,"",NA,"","","","",NA,"","","","Exclude"
67,"Forwards","Exclude",NA,TRUE,NA,"",NA,"","","","","","","","","",NA,"",NA,"","","","",NA,"","","","Exclude"
68,"Forwards","Exclude",NA,NA,TRUE,"",NA,"","","","","","","","","",NA,"",NA,"","","","",NA,"","","","Exclude"
69,"Forwards","Exclude",NA,NA,NA,"",NA,"","","","","","","","","",NA,"",NA,"","","","",NA,"","","","Exclude"
70,"Forwards","Include",NA,NA,NA,"",NA,"","Tetraclita rubescens","","volcano barnacle","species","","Tomales Point","38°14′N","",38.2333,"Paper",-122.965419307808,"R generated","1948","June","",NA,"San Francisco Bay in CA, USA (37°30′N)","Newman & Abbott 1980","Opportunistic+ (e.g. iNaturalist observation in a frequently studied area)","Include"
70,"Forwards","Include",NA,NA,NA,"",NA,"","Tetraclita rubescens","","volcano barnacle","species","","Shell Beach","38°25′N","",38.4167,"Paper",-123.107802139271,"R generated","1957","","",NA,"San Francisco Bay in CA, USA (37°30′N)","Newman & Abbott 1980","Opportunistic+ (e.g. iNaturalist observation in a frequently studied area)","Include"
70,"Forwards","Include",NA,NA,NA,"",NA,"","Tetraclita rubescens","","volcano barnacle","species","","Shell Beach","38°25′N","",38.4167,"Paper",-123.107802139271,"R generated","1970","","",NA,"San Francisco Bay in CA, USA (37°30′N)","Newman & Abbott 1980","Opportunistic+ (e.g. iNaturalist observation in a frequently studied area)","Include"
70,"Forwards","Include",NA,NA,NA,"",NA,"","Tetraclita rubescens","","volcano barnacle","species","","Saunder's Reef, CA","38°52′N","",38.8667,"Paper",-123.659362687166,"R generated","1984","","",NA,"San Francisco Bay in CA, USA (37°30′N)","Newman & Abbott 1980","Opportunistic+ (e.g. iNaturalist observation in a frequently studied area)","Include"
70,"Forwards","Include",NA,NA,NA,"",NA,"","Tetraclita rubescens","","volcano barnacle","species","","Cape Mendocino, CA","40°24′N","",40.4,"Paper",-124.38494674543,"R generated","1995","","",NA,"San Francisco Bay in CA, USA (37°30′N)","Newman & Abbott 1980","Opportunistic+ (e.g. iNaturalist observation in a frequently studied area)","Include"
70,"Forwards","Include",NA,NA,NA,"",NA,"","Tetraclita rubescens","","volcano barnacle","species","","Cape Mendocino, CA","40°24′N","",40.4,"Paper",-124.38494674543,"R generated","1996","","",NA,"San Francisco Bay in CA, USA (37°30′N)","Newman & Abbott 1980","Opportunistic+ (e.g. iNaturalist observation in a frequently studied area)","Include"
70,"Forwards","Include",NA,NA,NA,"",NA,"","Tetraclita rubescens","","volcano barnacle","species","","Cape Mendocino, CA","40°24′N","",40.4,"Paper",-124.38494674543,"R generated","2005","spring","",NA,"San Francisco Bay in CA, USA (37°30′N)","Newman & Abbott 1980","Opportunistic+ (e.g. iNaturalist observation in a frequently studied area)","Include"
70,"Forwards","Include",NA,NA,NA,"",NA,"","Tetraclita rubescens","","volcano barnacle","species","","Burn Hill, OR","42° 23′N","",42.3833,"Paper",-124.426756003522,"R generated","2007","","",NA,"San Francisco Bay in CA, USA (37°30′N)","Newman & Abbott 1980","Opportunistic+ (e.g. iNaturalist observation in a frequently studied area)","Include"
71,"Forwards","Exclude",NA,NA,NA,"TRUE",NA,"","","","","","","","","",NA,"",NA,"","","","",NA,"","","","Exclude"
72,"Forwards","Exclude",NA,NA,NA,"TRUE",NA,"","","","","","","","","",NA,"",NA,"","","","",NA,"","","","Exclude"
73,"Forwards","Include",NA,NA,NA,"",NA,"","Atlanta Brunnea","","","species","","Mexican Pacific off the BCP","32º N","110° 00′- 122° 00’ W",32,"Paper figure",-118.5,"Paper figure","2015","September","",NA,"equitorial and south pacific ocean","McGowan and Fraundorf 1966; Angulo-Campillo et al. 2011","Opportunistic","Exclude"
73,"Forwards","Include",NA,NA,NA,"",NA,"","Atlanta echinogyra","","","species","","Mexican Pacific off the BCP","24º N","110° 00′- 122° 00’ W",24,"Paper figure",-115,"Paper figure","2015","September","",NA,"Indo-pacific ","McGowan and Fraundorf 1966; Angulo-Campillo et al. 2012","Opportunistic","Exclude"
73,"Forwards","Include",NA,NA,NA,"",NA,"","Atlanta frontieri","","","species","","Mexican Pacific off the BCP","26º N","110° 00′- 122° 00’ W",26,"Paper figure",-113,"Paper figure","2015","September","",NA,"western pacific and indian ocean and equitorial/tropical southeast pacific, used figure four on this paper https://ftp.sccwrp.org/pub/download/DOCUMENTS/WorkPlan/RestrictedJournalArticles/1038_BiogeographyAndGeneticDiversityOfAtlantidHeteropods_DoNotPost.pdf","McGowan and Fraundorf 1966; Angulo-Campillo et al. 2013","Opportunistic","Exclude"
73,"Forwards","Include",NA,NA,NA,"",NA,"","Atlanta gibbosa","","","species","","Mexican Pacific off the BCP","24º N","110° 00′- 122° 00’ W",24,"Paper figure",-115,"Paper figure","2015","September","",NA,"equitorial and tropical zones, used figure four on this paper https://ftp.sccwrp.org/pub/download/DOCUMENTS/WorkPlan/RestrictedJournalArticles/1038_BiogeographyAndGeneticDiversityOfAtlantidHeteropods_DoNotPost.pdf","McGowan and Fraundorf 1966; Angulo-Campillo et al. 2014","Opportunistic","Exclude"
73,"Forwards","Include",NA,NA,NA,"",NA,"","Atlanta helicinoidea","","","species","","Mexican Pacific off the BCP","32º N","110° 00′- 122° 00’ W",32,"Paper figure",-117,"Paper figure","2015","September","",NA,"equitorial and tropical-subtropical zones, used figure four on this paper https://ftp.sccwrp.org/pub/download/DOCUMENTS/WorkPlan/RestrictedJournalArticles/1038_BiogeographyAndGeneticDiversityOfAtlantidHeteropods_DoNotPost.pdf","McGowan and Fraundorf 1966; Angulo-Campillo et al. 2015","Opportunistic","Exclude"
73,"Forwards","Include",NA,NA,NA,"",NA,"","Atlanta plana","","","species","","Mexican Pacific off the BCP","24.5ºN","110° 00′- 122° 00’ W",24.5,"Paper figure",-112.5,"Paper figure","2015","September","",NA,"eastern pacfic and indian ocean and central pacific ocean, used same source as above","McGowan and Fraundorf 1966; Angulo-Campillo et al. 2016","Opportunistic","Exclude"
73,"Forwards","Include",NA,NA,NA,"",NA,"","Atlanta tokiokai","","","species","","Mexican Pacific off the BCP","26ºN","110° 00′- 122° 00’ W",26,"Paper figure",-113,"Paper figure","2015","September","",NA,"tropical and subtropical waters globally","McGowan and Fraundorf 1966; Angulo-Campillo et al. 2017","Opportunistic","Exclude"
73,"Forwards","Include",NA,NA,NA,"",NA,"","Oxygyrus inflatus","","","species","","Mexican Pacific off the BCP","25.5ºN","110° 00′- 122° 00’ W",25.5,"Paper figure",-115,"Paper figure","2015","September","",NA,"tropical and subtropical waters globally","McGowan and Fraundorf 1966; Angulo-Campillo et al. 2018","Opportunistic","Exclude"
74,"Forwards","Exclude",NA,NA,NA,"TRUE",NA,"","","","","","","","","",NA,"",NA,"","","","",NA,"","","","Exclude"
75,"Forwards","Exclude",NA,NA,NA,"TRUE",NA,"","","","","","","","","",NA,"",NA,"","","","",NA,"","","","Exclude"
76,"Forwards","Exclude",NA,NA,NA,"TRUE",TRUE,"","","","","","","","","",NA,"",NA,"","","","",NA,"","","","Exclude"
77,"Forwards","Exclude",NA,TRUE,NA,"",NA,"","","","","","","","","",NA,"",NA,"","","","",NA,"","","","Exclude"
78,"Forwards","Exclude",NA,TRUE,NA,"",NA,"","","","","","","","","",NA,"",NA,"","","","",NA,"","","","Exclude"
79,"Forwards","Exclude",NA,TRUE,NA,"",NA,"","","","","","","","","",NA,"",NA,"","","","",NA,"","","","Exclude"
80,"Forwards","Exclude",NA,TRUE,NA,"",NA,"","","","","","","","","",NA,"",NA,"","","","",NA,"","","","Exclude"
81,"Forwards","Inconclusive",NA,NA,NA,"",NA,"","","","","","","","","",NA,"",NA,"","","","",NA,"","","","Inconclusive"
82,"Forwards","Exclude",NA,NA,NA,"TRUE",TRUE,"","","","","","","","","",NA,"",NA,"","","","",NA,"","","","Exclude"
83,"Forwards","Exclude",NA,NA,NA,"TRUE",NA,"","","","","","","","","",NA,"",NA,"","","","",NA,"","","","Exclude"
84,"Forwards","Exclude",NA,NA,NA,"TRUE",NA,"","","","","","","","","",NA,"",NA,"","","","",NA,"","","","Exclude"
85,"Forwards","Exclude",NA,TRUE,NA,"",NA,"","Carcinus maenas","","european green crab","species","This northward range expansion is apparently the result of larval recruitment by a single cohort, corresponding to the predominant northern transport of surface waters and the approximate distance water moves during larval green crab development","At Bodega Harbor, the current northern range limit","","",NA,"",NA,"","1993","January","",NA,"We document the current distribution and range expansion of this species beyond San Francisco Bay, where C. maenas first became established along this coast in 1989-1990,","","","Exclude"
86,"Forwards","Exclude",NA,TRUE,NA,"",NA,"","","","","","","","","",NA,"",NA,"","","","",NA,"","","","Exclude"
87,"Forwards","Exclude",NA,TRUE,NA,"",NA,"","","","","","","","","",NA,"",NA,"","","","",NA,"","","","Exclude"
88,"Forwards","Exclude",NA,NA,NA,"",TRUE,"","","","","","","","","",NA,"",NA,"","","","",NA,"","","","Exclude"
89,"Forwards","Exclude",NA,TRUE,NA,"",NA,"","","","","","","","","",NA,"",NA,"","","","",NA,"","","","Exclude"
90,"Forwards","Exclude",NA,NA,NA,"TRUE",NA,"","","","","","","","","",NA,"",NA,"","","","",NA,"","","","Exclude"
91,"Forwards","Exclude",NA,NA,NA,"TRUE",NA,"","","","","","","","","",NA,"",NA,"","","","",NA,"","","","Exclude"
92,"Forwards","Exclude",TRUE,NA,NA,"",NA,"","","","","","","","","",NA,"",NA,"","","","",NA,"","","","Exclude"
93,"Forwards","Exclude",NA,TRUE,NA,"",NA,"","","","","","","","","",NA,"",NA,"","","","",NA,"","","","Exclude"
94,"Forwards","Exclude",NA,NA,NA,"TRUE",NA,"","","","","","","","","",NA,"",NA,"","","","",NA,"","","","Exclude"
95,"Forwards","Include",NA,NA,NA,"",NA,"","Dosidicus gigas","","humboldt squid","species","","Monterey Bay, CA","","",36.793978,"Google Maps",-121.793693163778,"R generated","1997","","",NA,"From these warm waters, its historical range extends along the subtropical coasts of both North and South America","","Long-term monitoring site","Include"
95,"Forwards","Include",NA,NA,NA,"",NA,"","Dosidicus gigas","","humboldt squid","species","","Monterey Bay, CA","","",36.793978,"Google Maps",-121.793693163778,"R generated","1998","","",NA,"From these warm waters, its historical range extends along the subtropical coasts of both North and South America","","Long-term monitoring site","Include"
95,"Forwards","Include",NA,NA,NA,"",NA,"","Dosidicus gigas","","humboldt squid","species","","Monterey Bay, CA","","",36.793978,"Google Maps",-121.793693163778,"R generated","1999","","",NA,"From these warm waters, its historical range extends along the subtropical coasts of both North and South America","","Long-term monitoring site","Include"
95,"Forwards","Include",NA,NA,NA,"",NA,"","Dosidicus gigas","","humboldt squid","species","","Monterey Bay, CA","","",36.793978,"Google Maps",-121.793693163778,"R generated","2000","","",NA,"From these warm waters, its historical range extends along the subtropical coasts of both North and South America","","Long-term monitoring site","Include"
95,"Forwards","Include",NA,NA,NA,"",NA,"","Dosidicus gigas","","humboldt squid","species","","Monterey Bay, CA","","",36.793978,"Google Maps",-121.793693163778,"R generated","2002","","",NA,"From these warm waters, its historical range extends along the subtropical coasts of both North and South America","","Long-term monitoring site","Include"
96,"Forwards","Exclude",NA,NA,NA,"TRUE",NA,"","","","","","","","","",NA,"",NA,"","","","",NA,"","","","Exclude"
97,"Forwards","Exclude",NA,NA,TRUE,"",NA,"","","","","","","","","",NA,"",NA,"","","","",NA,"","","","Exclude"
98,"Forwards","Include",NA,NA,NA,"",NA,"","Pachygrapsus crassipes","","lined shore crab","species","larvae and adult ","sampling sites around Bamfield Marine Station Centre and in Nootka Sound on Vancouver Island (Supplementary Table S1).2 Only the Bamfield site was sampled systematically (1993–2020; Fig. 1)","(BMSC; 48.8333°N, 125.1428°W), and (49.5234°N, 126.5719°W)","",48.8333,"Paper",-125.1428,"Paper","1997","","",NA," has a historical permanent geographical range from southern Oregon (USA) to Baja California (Mexico) (Blanchette et al. 2008). It is a common resident of the upper intertidal zones and lives in rock crevices","","Long-term monitoring site","Exclude"
98,"Forwards","Include",NA,NA,NA,"",NA,"","Pachygrapsus crassipes","","lined shore crab","species","larvae and adult ","sampling sites around Bamfield Marine Station Centre and in Nootka Sound on Vancouver Island (Supplementary Table S1).2 Only the Bamfield site was sampled systematically (1993–2020; Fig. 1)","(BMSC; 48.8333°N, 125.1428°W), and (49.5234°N, 126.5719°W)","",48.8333,"Paper",-125.1428,"Paper","1999","","",NA," has a historical permanent geographical range from southern Oregon (USA) to Baja California (Mexico) (Blanchette et al. 2008). It is a common resident of the upper intertidal zones and lives in rock crevices","","Long-term monitoring site","Exclude"
98,"Forwards","Include",NA,NA,NA,"",NA,"","Pachygrapsus crassipes","","lined shore crab","species","larvae and adult ","sampling sites around Bamfield Marine Station Centre and in Nootka Sound on Vancouver Island (Supplementary Table S1).2 Only the Bamfield site was sampled systematically (1993–2020; Fig. 1)","(BMSC; 48.8333°N, 125.1428°W), and (49.5234°N, 126.5719°W)","",48.8333,"Paper",-125.1428,"Paper","2000","","",NA," has a historical permanent geographical range from southern Oregon (USA) to Baja California (Mexico) (Blanchette et al. 2008). It is a common resident of the upper intertidal zones and lives in rock crevices","","Long-term monitoring site","Exclude"
98,"Forwards","Include",NA,NA,NA,"",NA,"","Pachygrapsus crassipes","","lined shore crab","species","larvae and adult ","sampling sites around Bamfield Marine Station Centre and in Nootka Sound on Vancouver Island (Supplementary Table S1).2 Only the Bamfield site was sampled systematically (1993–2020; Fig. 1)","(BMSC; 48.8333°N, 125.1428°W), and (49.5234°N, 126.5719°W)","",48.8333,"Paper",-125.1428,"Paper","2002","","",NA," has a historical permanent geographical range from southern Oregon (USA) to Baja California (Mexico) (Blanchette et al. 2008). It is a common resident of the upper intertidal zones and lives in rock crevices","","Long-term monitoring site","Exclude"
98,"Forwards","Include",NA,NA,NA,"",NA,"","Pachygrapsus crassipes","","lined shore crab","species","larvae and adult ","sampling sites around Bamfield Marine Station Centre and in Nootka Sound on Vancouver Island (Supplementary Table S1).2 Only the Bamfield site was sampled systematically (1993–2020; Fig. 1)","(BMSC; 48.8333°N, 125.1428°W), and (49.5234°N, 126.5719°W)","",48.8333,"Paper",-125.1428,"Paper","2003","","",NA," has a historical permanent geographical range from southern Oregon (USA) to Baja California (Mexico) (Blanchette et al. 2008). It is a common resident of the upper intertidal zones and lives in rock crevices","","Long-term monitoring site","Exclude"
98,"Forwards","Include",NA,NA,NA,"",NA,"","Pachygrapsus crassipes","","lined shore crab","species","larvae and adult ","sampling sites around Bamfield Marine Station Centre and in Nootka Sound on Vancouver Island (Supplementary Table S1).2 Only the Bamfield site was sampled systematically (1993–2020; Fig. 1)","(BMSC; 48.8333°N, 125.1428°W), and (49.5234°N, 126.5719°W)","",48.8333,"Paper",-125.1428,"Paper","2016","","",NA," has a historical permanent geographical range from southern Oregon (USA) to Baja California (Mexico) (Blanchette et al. 2008). It is a common resident of the upper intertidal zones and lives in rock crevices","","Long-term monitoring site","Exclude"
98,"Forwards","Include",NA,NA,NA,"",NA,"","Pachygrapsus crassipes","","lined shore crab","species","larvae and adult ","sampling sites around Bamfield Marine Station Centre and in Nootka Sound on Vancouver Island (Supplementary Table S1).2 Only the Bamfield site was sampled systematically (1993–2020; Fig. 1)","(BMSC; 48.8333°N, 125.1428°W), and (49.5234°N, 126.5719°W)","",48.8333,"Paper",-125.1428,"Paper","2017","","",NA," has a historical permanent geographical range from southern Oregon (USA) to Baja California (Mexico) (Blanchette et al. 2008). It is a common resident of the upper intertidal zones and lives in rock crevices","","Long-term monitoring site","Exclude"
98,"Forwards","Include",NA,NA,NA,"",NA,"","Pachygrapsus crassipes","","lined shore crab","species","larvae and adult ","sampling sites around Bamfield Marine Station Centre and in Nootka Sound on Vancouver Island (Supplementary Table S1).2 Only the Bamfield site was sampled systematically (1993–2020; Fig. 1)","(BMSC; 48.8333°N, 125.1428°W), and (49.5234°N, 126.5719°W)","",48.8333,"Paper",-125.1428,"Paper","2018","","",NA," has a historical permanent geographical range from southern Oregon (USA) to Baja California (Mexico) (Blanchette et al. 2008). It is a common resident of the upper intertidal zones and lives in rock crevices","","Long-term monitoring site","Exclude"
98,"Forwards","Include",NA,NA,NA,"",NA,"","Pachygrapsus crassipes","","lined shore crab","species","larvae and adult ","sampling sites around Bamfield Marine Station Centre and in Nootka Sound on Vancouver Island (Supplementary Table S1).2 Only the Bamfield site was sampled systematically (1993–2020; Fig. 1)","(BMSC; 48.8333°N, 125.1428°W), and (49.5234°N, 126.5719°W)","",48.8333,"Paper",-125.1428,"Paper","2019","","",NA," has a historical permanent geographical range from southern Oregon (USA) to Baja California (Mexico) (Blanchette et al. 2008). It is a common resident of the upper intertidal zones and lives in rock crevices","","Long-term monitoring site","Exclude"
99,"Forwards","Exclude",NA,NA,NA,"TRUE",NA,"","","","","","","","","",NA,"",NA,"","","","",NA,"","","","Exclude"
100,"Forwards","Exclude",NA,TRUE,NA,"",NA,"","","","","","","","","",NA,"",NA,"","","","",NA,"","","","Exclude"
101,"Forwards","Exclude",NA,TRUE,NA,"",NA,"","","","","","","","","",NA,"",NA,"","","","",NA,"","","","Exclude"
102,"Forwards","Exclude",NA,NA,TRUE,"",TRUE,"","nucella ostrina","","n. striped dogwinkle","species","","santa cruz CA to kodiak island AK","","",NA,"",NA,"","1997, 1998","december '97-november -98","",NA,"biogeographical history of broadly distributed intertidal marine species in the northeastern Pacific","","","Exclude"
102,"Forwards","Exclude",NA,NA,TRUE,"",TRUE,"","nuchella lamellosa ","","frilled dogwinkle","species","","coos bay OR to chiniak AK","","",NA,"",NA,"","1997, 1998","december '97-november -98","",NA,"","","","Exclude"
103,"Forwards","Exclude",NA,TRUE,NA,"",NA,"","","","","","","","","",NA,"",NA,"","","","",NA,"","","","Exclude"
104,"Forwards","Exclude",NA,NA,NA,"TRUE",NA,"","","","","","","","","",NA,"",NA,"","","","",NA,"","","","Exclude"
105,"Forwards","Exclude",NA,TRUE,NA,"",NA,"","","","","","","","","",NA,"",NA,"","","","",NA,"","","","Exclude"
106,"Forwards","Inconclusive",NA,NA,NA,"",TRUE,"","","","","","","","","",NA,"",NA,"","","","",NA,"","","","Exclude"
107,"Forwards","Exclude",NA,TRUE,NA,"",NA,"","Mytilus galloprovincialis","","Mediterranean mussel","species","","Monterey Bay to Humboldt Bay","","",NA,"",NA,"","2005, 2006, 2007","","",NA,"Humboldt Bay","","","Exclude"
108,"Forwards","Exclude",NA,TRUE,NA,"",TRUE,"","","","","","","","","",NA,"",NA,"","","","",NA,"","","","Exclude"
109,"Forwards","Inconclusive",NA,NA,NA,"",TRUE,"","","","","","","","","",NA,"",NA,"","","","",NA,"","","","Exclude"
110,"Forwards","Exclude",NA,TRUE,NA,"",NA,"","","","","","","","","",NA,"",NA,"","","","",NA,"","","","Exclude"
111,"Forwards","Exclude",NA,NA,NA,"",TRUE,"","","","","","","","","",NA,"",NA,"","","","",NA,"","","","Exclude"
112,"Forwards","Exclude",NA,TRUE,NA,"",NA,"","Carcinus maenas","","European green crab","species","","Bodega Bay","","",NA,"",NA,"","1993","","",NA,"San Francisco","","","Exclude"
112,"Forwards","Exclude",NA,TRUE,NA,"",NA,"","Carcinus maenas","","European green crab","species","","Coos Bay, Oregon","","",NA,"",NA,"","1997","","",NA,"San Francisco","","","Exclude"
113,"Forwards","Exclude",NA,NA,NA,"",TRUE,"","","","","","","","","",NA,"",NA,"","","","",NA,"","","","Exclude"
114,"Forwards","Exclude",NA,NA,NA,"TRUE",NA,"","","","","","","","","",NA,"",NA,"","","","",NA,"","","","Exclude"
115,"Forwards","Exclude",NA,NA,TRUE,"",NA,"","Bivalvia","","","class","","","","",NA,"",NA,"","","","",NA,"","","","Exclude"
116,"Forwards","Exclude",NA,NA,NA,"TRUE",NA,"","","","","","","","","",NA,"",NA,"","","","",NA,"","","","Exclude"
117,"Forwards","Exclude",NA,TRUE,NA,"",NA,"","","","","","","","","",NA,"",NA,"","","","",NA,"","","","Exclude"
118,"Forwards","Exclude",NA,NA,NA,"TRUE",NA,"","","","","","","","","",NA,"",NA,"","","","",NA,"","","","Exclude"
119,"Forwards","Exclude",NA,NA,NA,"TRUE",NA,"","","","","","","","","",NA,"",NA,"","","","",NA,"","","","Exclude"
120,"Forwards","Exclude",NA,TRUE,NA,"",NA,"","","","","","","","","",NA,"",NA,"","","","",NA,"","","","Exclude"
121,"Forwards","Exclude",NA,NA,TRUE,"",NA,"","","","","","","","","",NA,"",NA,"","","","",NA,"","","","Exclude"
122,"Forwards","Exclude",NA,TRUE,NA,"",NA,"","","","","","","","","",NA,"",NA,"","","","",NA,"","","","Exclude"
123,"Forwards","Exclude",NA,NA,NA,"TRUE",NA,"","","","","","","","","",NA,"",NA,"","","","",NA,"","","","Exclude"
124,"Forwards","Exclude",NA,NA,NA,"TRUE",NA,"","","","","","","","","",NA,"",NA,"","","","",NA,"","","","Exclude"
125,"Forwards","Exclude",NA,NA,NA,"TRUE",NA,"","","","","","","","","",NA,"",NA,"","","","",NA,"","","","Exclude"
126,"Forwards","Exclude",NA,TRUE,NA,"",NA,"","","","","","","","","",NA,"",NA,"","","","",NA,"","","","Exclude"
127,"Forwards","Exclude",NA,NA,NA,"TRUE",TRUE,"","","","","","","","","",NA,"",NA,"","","","",NA,"","","","Exclude"
128,"Forwards","Exclude",NA,NA,NA,"TRUE",NA,"","","","","","","","","",NA,"",NA,"","","","",NA,"","","","Exclude"
129,"Forwards","Exclude",NA,NA,NA,"",TRUE,"","Porites sverdrupi","","","species","","new settlement of Porites sverdrupi discovered at the southern end of Bahía de La Paz, consisting entirely of free-living coral colonies. They were observed in low densities (<0.06 colonies/m−2 ) on a sandy/rocky bottom at depths of 5–9 m (Fig. 2) in the San Lorenzo channel","","",NA,"",NA,"","2013","October","13",NA,"To date, colonies have been observed in just two extant populations restricted to the middle of the Gulf of California: Bahía Concepción at 26°N and Isla Santa Catalina at 25°N (LópezPérez et al. 2014).","","","Exclude"
130,"Forwards","Exclude",NA,TRUE,NA,"",NA,"","","","","","","","","",NA,"",NA,"","","","",NA,"","status of Porites sverdrupi, an endemic coral of the Gulf of","","Exclude"
131,"Forwards","Exclude",NA,NA,NA,"",TRUE,"TRUE","","","","","","","","",NA,"",NA,"","","","",NA,"","California. Cienc Mar 29:677–691","","Exclude"
132,"Forwards","Exclude",NA,NA,NA,"TRUE",NA,"","","","","","","","","",NA,"",NA,"","","","",NA,"","","","Exclude"
133,"Forwards","Exclude",NA,NA,NA,"TRUE",NA,"","","","","","","","","",NA,"",NA,"","","","",NA,"","","","Exclude"
134,"Forwards","Exclude",NA,NA,NA,"TRUE",TRUE,"","","","","","","","","",NA,"",NA,"","","","",NA,"","","","Exclude"
135,"Forwards","Inconclusive",NA,NA,NA,"",NA,"","","","","","","","","",NA,"",NA,"","","","",NA,"","","","Inconclusive"
136,"Forwards","Exclude",NA,TRUE,TRUE,"",NA,"","","","","","","","","",NA,"",NA,"","","","",NA,"","","","Exclude"
137,"Forwards","Include",NA,NA,NA,"",TRUE,"","Pachygrapsus crassipes","Randall","lined shore crab","species","","Bamfield, Vancouver Island, British Columbia, Canada","","",48.83646,"Google Maps",-125.135875,"Google Maps","1997","","",NA,"widely distributed along rocky shores of the eastern Pacific Coast, from Charleston, Oregon, USA, to central Baja California, Mexico (Sousa 1993). P. crassipes also inhabits the western Pacific Coasts of Japan and Korea, where it was first reported in 1890 (Hiatt 1948; Morris et al. 1980).","Sousa WP (1993) Size-dependent predation on the salt-marsh snail
Cerithidea californica Haldeman. J Exp Mar Biol Ecol 166:19–
37, Hiatt RW (1948) The biology of the lined shore crab, Pachygrapsus
crassipes Randall. Pac Sci 2:135–213, Morris RH, Abbott DP, Haderlie EC (1980) Intertidal invertebrates of California. Stanford University Press, Stanford","Opportunistic+ (e.g. iNaturalist observation in a frequently studied area)","Exclude"
138,"Forwards","Inconclusive",NA,NA,NA,"",NA,"","","","","","","","","",NA,"",NA,"","","","",NA,"","","","Inconclusive"
139,"Forwards","Exclude",NA,NA,NA,"TRUE",NA,"","","","","","","","","",NA,"",NA,"","","","",NA,"","","","Exclude"
140,"Forwards","Exclude",NA,NA,NA,"",TRUE,"","","","","","","","","",NA,"",NA,"","","","",NA,"","","","Exclude"
141,"Forwards","Exclude",NA,NA,NA,"TRUE",NA,"","","","","","","","","",NA,"",NA,"","","","",NA,"","","","Exclude"
142,"Forwards","Exclude",NA,NA,NA,"TRUE",NA,"","","","","","","","","",NA,"",NA,"","","","",NA,"","","","Exclude"
143,"Forwards","Exclude",NA,NA,NA,"TRUE",NA,"","","","","","","","","",NA,"",NA,"","","","",NA,"","","","Exclude"
144,"Forwards","Exclude",TRUE,NA,NA,"",NA,"","","","","","","","","",NA,"",NA,"","","","",NA,"","","","Exclude"
145,"Forwards","Exclude",NA,NA,TRUE,"",TRUE,"","","","","","","","","",NA,"",NA,"","","","",NA,"","","","Exclude"
146,"Forwards","Exclude",NA,NA,NA,"",TRUE,"","","","","","","","","",NA,"",NA,"","","","",NA,"","","","Exclude"
147,"Forwards","Exclude",NA,NA,NA,"",TRUE,"","","","","","","","","",NA,"",NA,"","","","",NA,"","","","Exclude"
148,"Forwards","Exclude",NA,NA,NA,"TRUE",TRUE,"","","","","","","","","",NA,"",NA,"","","","",NA,"","","","Exclude"
149,"Forwards","Exclude",NA,NA,NA,"TRUE",NA,"","","","","","","","","",NA,"",NA,"","","","",NA,"","","","Exclude"
150,"Forwards","Exclude",NA,NA,TRUE,"",NA,"","","","","","","","","",NA,"",NA,"","","","",NA,"","","","Exclude"
151,"Forwards","Exclude",NA,NA,NA,"TRUE",TRUE,"","","","","","","","","",NA,"",NA,"","","","",NA,"","","","Exclude"
152,"Forwards","Exclude",NA,TRUE,NA,"",NA,"","","","","","","","","",NA,"",NA,"","","","",NA,"","","","Exclude"
153,"Forwards","Exclude",NA,NA,NA,"TRUE",NA,"","","","","","","","","",NA,"",NA,"","","","",NA,"","","","Exclude"
154,"Forwards","Exclude",NA,NA,NA,"TRUE",TRUE,"","","","","","","","","",NA,"",NA,"","","","",NA,"","","","Exclude"
155,"Forwards","Exclude",NA,NA,NA,"TRUE",TRUE,"","","","","","","","","",NA,"",NA,"","","","",NA,"","","","Exclude"
156,"Forwards","Exclude",NA,TRUE,NA,"",NA,"","","","","","","","","",NA,"",NA,"","","","",NA,"","","","Exclude"
157,"Forwards","Exclude",NA,NA,TRUE,"",NA,"","","","","","","","","",NA,"",NA,"","","","",NA,"","","","Exclude"
158,"Forwards","Exclude",NA,NA,NA,"",TRUE,"","","","","","","","","",NA,"",NA,"","","","",NA,"","","","Exclude"
159,"Forwards","Exclude",NA,NA,TRUE,"",NA,"","","","","","","","","",NA,"",NA,"","","","",NA,"","","","Exclude"
160,"Forwards","Exclude",NA,TRUE,NA,"",NA,"","","","","","","","","",NA,"",NA,"","","","",NA,"","","","Exclude"
161,"Forwards","Inconclusive",NA,NA,NA,"",NA,"","Acanthinucella spirata","","","species","","Cape Mendocino, California, USA (40.40°N)","40.396","-124.378",NA,"",NA,"","2017","june","17",NA,"Tomales Bay, CA","McLean 1978","","Inconclusive"
162,"Forwards","Include",NA,NA,NA,"",NA,"","Hippacanthomysis platypoda","Murano & Chess, 1987","shrimp","species","adult","we have identified two males and one female from the coast between Cow and Rafael Bay, Flores Island (May 2010); one male and one female from Rafael Bay, Flores Island (June 2010) both records at approximately a depth of 10 m","49.258538","–126.144758",49.258538,"Paper",-124.111380844324,"R generated","2010","May","",NA,"This species was originally described from Cone Rock, Albion and Mendocino Cove, California (Murano & Chess 1987). Subsequent publications have listed its presence in central and southern California from Point Conception, California to Bahía Todos Santos, Baja California Sur, Mexico, for intertidal and coastal waters (see Carlton, 2007; Cadien & Lovell, 2016)","","Long-term monitoring site","Exclude"
163,"Forwards","Exclude",NA,NA,NA,"TRUE",TRUE,"","","","","","","","","",NA,"",NA,"","","","",NA,"","","","Exclude"
164,"Forwards","Exclude",NA,NA,NA,"TRUE",NA,"","Pyrosoma atlanticum","","pyrosome","species","","Cape Meares, OR","45.478","",45.478,"",NA,"","2018","February-March; May; September","",NA,"warm, tropical-temperate waters between 50° N and 50° S"," (Van Soest 1981)","","Exclude"
165,"Forwards","Exclude",NA,NA,NA,"TRUE",NA,"","","","","","","","","",NA,"",NA,"","","","",NA,"","","","Exclude"
166,"Forwards","Exclude",NA,NA,NA,"TRUE",NA,"","","","","","","","","",NA,"",NA,"","","","",NA,"","","","Exclude"
167,"Forwards","Exclude",NA,TRUE,NA,"",NA,"","","","","","","","","",NA,"",NA,"","","","",NA,"","","","Exclude"
168,"Forwards","Exclude",NA,TRUE,NA,"",NA,"","","","","","","","","",NA,"",NA,"","","","",NA,"","","","Exclude"
169,"Forwards","Exclude",NA,NA,NA,"TRUE",NA,"","","","","","","","","",NA,"",NA,"","","","",NA,"","","","Exclude"
170,"Forwards","Exclude",TRUE,NA,NA,"",NA,"","","","","","","","","",NA,"",NA,"","","","",NA,"","","","Exclude"
171,"Forwards","Exclude",NA,NA,NA,"TRUE",TRUE,"","","","","","","","","",NA,"",NA,"","","","",NA,"","","","Exclude"
172,"Forwards","Exclude",NA,NA,NA,"",TRUE,"","","","","","","","","",NA,"",NA,"","","","",NA,"","","","Exclude"
173,"Forwards","Exclude",NA,TRUE,NA,"",NA,"","","","","","","","","",NA,"",NA,"","","","",NA,"","","","Exclude"
174,"Forwards","Exclude",NA,TRUE,NA,"",NA,"","","","","","","","","",NA,"",NA,"","","","",NA,"","","","Exclude"
175,"Forwards","Inconclusive",NA,NA,NA,"",NA,"","Dosidicus gigas","","Giant squid, Humboldt squid","species","adult","Alaska (Yakutat at ~59° N, Wing 2006)","","",59,"Paper",-139.858311,"Google Maps","2004","","",NA,"""eastern Pacific Ocean from 25° N to 25° S""","","","Inconclusive"
176,"Forwards","Exclude",NA,NA,NA,"TRUE",NA,"","","","","","","","","",NA,"",NA,"","","","",NA,"","","","Exclude"
177,"Forwards","Exclude",NA,NA,NA,"TRUE",NA,"","","","","","","","","",NA,"",NA,"","","","",NA,"","","","Exclude"
178,"Forwards","Exclude",NA,NA,NA,"TRUE",NA,"","","","","","","","","",NA,"",NA,"","","","",NA,"","","","Exclude"
179,"Forwards","Exclude",NA,NA,NA,"TRUE",NA,"","","","","","","","","",NA,"",NA,"","","","",NA,"","","","Exclude"
180,"Forwards","Exclude",NA,NA,NA,"TRUE",NA,"","","","","","","","","",NA,"",NA,"","","","",NA,"","","","Exclude"
181,"Forwards","Exclude",NA,NA,NA,"",NA,"","","","","","","","","",NA,"",NA,"","","","",NA,"","","","Exclude"
182,"Forwards","Exclude",NA,NA,TRUE,"",NA,"","","","","","","","","",NA,"",NA,"","","","",NA,"","","","Exclude"
183,"Forwards","Exclude",NA,TRUE,NA,"",NA,"","","","","","","","","",NA,"",NA,"","","","",NA,"","","","Exclude"
184,"Forwards","Exclude",NA,NA,NA,"TRUE",NA,"","","","","","","","","",NA,"",NA,"","","","",NA,"","","","Exclude"
185,"Forwards","Include",NA,NA,NA,"",NA,"","Thylacodes squamigerus","","","species","","fitzgerald marine reserve","37°31′ N","",37.5167,"Paper",-122.202067207176,"R generated","1994","January","",NA,"""nowhere north of point conception""; ""It is now common at intertidal sites in the Monterey region""","Hadfield (1966)","Opportunistic","Include"
185,"Forwards","Include",NA,NA,NA,"",NA,"","Thylacodes squamigerus","","","species","","fitzgerald marine reserve","37°31′ N","",37.5167,"Paper",-122.202067207176,"R generated","1996","June","",NA,"""nowhere north of point conception""; ""It is now common at intertidal sites in the Monterey region""","Hadfield (1966)","Opportunistic","Include"
186,"Forwards","Exclude",TRUE,NA,NA,"",NA,"","","","","","","","","",NA,"",NA,"","","","",NA,"","","","Exclude"
187,"Forwards","Exclude",NA,NA,NA,"TRUE",TRUE,"","","","","","","","","",NA,"",NA,"","","","",NA,"","","","Exclude"
188,"Forwards","Exclude",NA,TRUE,NA,"",NA,"","","","","","","","","",NA,"",NA,"","","","",NA,"","","","Exclude"
189,"Forwards","Include",NA,NA,NA,"",NA,"","Crucigera websteri","Benedict, 1887","","species","Juvenile specimen","Humboldt Bay, CA","","",40.724912,"Google Maps",-124.248884641509,"R generated","2003","September","",NA,"Santa Barbara Island","","Opportunistic+ (e.g. iNaturalist observation in a frequently studied area)","Include"
189,"Forwards","Include",NA,NA,NA,"",NA,"","Hydroides gracilis","Bush, 1905","","species","","San Francisco, CA","","",37.76588,"Google Maps",-122.382579838484,"R generated","2000","September","",NA,"Pacfic Grove, CA","Bush 1905","Opportunistic+ (e.g. iNaturalist observation in a frequently studied area)","Include"
189,"Forwards","Include",NA,NA,NA,"",NA,"","Hydroides gracilis","Bush, 1905","","species","","San Francisco, CA","","",37.76588,"Google Maps",-122.382579838484,"R generated","2001","September","",NA,"Pacfic Grove, CA","Bush 1905","Opportunistic+ (e.g. iNaturalist observation in a frequently studied area)","Include"
189,"Forwards","Include",NA,NA,NA,"",NA,"","Hydroides elegans","Haswell, 1883","","species","","Humboldt Bay, CA","","",40.724912,"Google Maps",-124.248884641509,"R generated","2003","September","",NA,"San Francisco, CA","","Opportunistic+ (e.g. iNaturalist observation in a frequently studied area)","Include"
190,"Forwards","Exclude",NA,TRUE,NA,"",NA,"","","","","","","","","",NA,"",NA,"","","","",NA,"","","","Exclude"
191,"Forwards","Exclude",NA,TRUE,NA,"",NA,"","","","","","","","","",NA,"",NA,"","","","",NA,"Sea of Cortez","Martin & Haney, 2005","","Exclude"
192,"Forwards","Include",NA,NA,NA,"",NA,"","Neolithodes diomedeae","Benedict, 1895","","species","adult","Central California","37°13 26.4N","123°12 00W",37.224,"Paper",-123.2,"Paper","1999","October","25",NA,"Previous northernmost records were reported from the Gulf of California at 23°39 N at 1382 m depth (Parker, 1964) and between 16°33 N and 00°04 S off Mexico and Ecuador","Haig, 1974","Long-term monitoring site","Include"
192,"Forwards","Include",NA,NA,NA,"",NA,"","Neolithodes diomedeae","Benedict, 1895","","species","adult","Central California","34°58 51.6N","121°35 60.0W",34.981,"Paper",-121.6,"Paper","2000","November","4",NA,"Previous northernmost records were reported from the Gulf of California at 23°39 N at 1382 m depth (Parker, 1964) and between 16°33 N and 00°04 S off Mexico and Ecuador","Haig, 1974","Long-term monitoring site","Include"
192,"Forwards","Include",NA,NA,NA,"",NA,"","Neolithodes diomedeae","Benedict, 1895","","species","adult","Central California","36°42 46.8N","122°17 60.0W",36.713,"Paper",-122.3,"Paper","2001","October","31",NA,"Previous northernmost records were reported from the Gulf of California at 23°39 N at 1382 m depth (Parker, 1964) and between 16°33 N and 00°04 S off Mexico and Ecuador","Haig, 1974","Long-term monitoring site","Include"
193,"Forwards","Exclude",NA,TRUE,NA,"",NA,"","","","","","","","","",NA,"",NA,"","","","",NA,"","","","Exclude"
194,"Forwards","Inconclusive",NA,NA,NA,"",NA,"","","","","","","","","",NA,"",NA,"","","","",NA,"","","","Inconclusive"
195,"Forwards","Exclude",NA,NA,NA,"TRUE",NA,"","Dosidicus gigas","","humboldt squid","species","","Monterey Bay ","","",NA,"",NA,"","1998","jan-mar (winter)","",NA,"","","","Exclude"
196,"Forwards","Exclude",NA,NA,NA,"TRUE",NA,"","","","","","","","","",NA,"",NA,"","","","",NA,"","","","Exclude"
197,"Forwards","Exclude",NA,TRUE,NA,"",NA,"","","","","","","","","",NA,"",NA,"","","","",NA,"","","","Exclude"
198,"Forwards","Include",NA,NA,NA,"",NA,"","Pleuroncodes planipes","","Tuna crab","species","","","36.80N","",36.8,"Paper",-121.791780117123,"R generated","2013","","",NA,"27.84N","Putnam-Abbott and Haderlie, 1980","Opportunistic","Include"
198,"Forwards","Inconclusive",NA,NA,NA,"",NA,"","Arbacia stellata","","Spiny Black Urchin","species","","","37.00°N","",37,"Paper",NA,"","2013","","",NA,"27.84N","Kroh and Mooi, 2015","","Inconclusive"
198,"Forwards","Include",NA,NA,NA,"",NA,"","Lytechinus pictus","","Painted Sea Urchin","species","","","36.80°N","",36.8,"Paper",-121.791780117123,"R generated","2013","","",NA,"34.45°N ","Love et al., 2005;","Opportunistic","Include"
198,"Forwards","Include",NA,NA,NA,"",NA,"","Argonauta argo","","Greater Argonaut","species","","","36.80°N","",36.8,"Paper",-121.791780117123,"R generated","2013","","",NA,"34.00°N","Love et al., 2005;","Opportunistic","Include"
199,"Forwards","Exclude",NA,NA,NA,"TRUE",NA,"","","","","","","","","",NA,"",NA,"","","","",NA,"","","","Exclude"
200,"Forwards","Exclude",NA,NA,TRUE,"",NA,"","","","","","","","","",NA,"",NA,"","","","",NA,"","","","Exclude"
201,"Forwards","Include",NA,NA,NA,"",NA,"","Penitella fitchi","Turner, 1955","Fitch piddock","species","adult","Monterey, California","","",36.6,"Google Maps",-121.964029292987,"R generated","1977","April and August","",NA,"~ Redondo Beach, California","Kennedy 1974","Opportunistic+ (e.g. iNaturalist observation in a frequently studied area)","Exclude"
202,"Forwards","Exclude",NA,NA,NA,"TRUE",NA,"","","","","","","","","",NA,"",NA,"","","","",NA,"","","","Exclude"
203,"Forwards","Exclude",NA,NA,NA,"TRUE",NA,"","","","","","","","","",NA,"",NA,"","","","",NA,"","","","Exclude"
204,"Forwards","Exclude",NA,NA,NA,"TRUE",NA,"","","","","","","","","",NA,"",NA,"","","","",NA,"","","","Exclude"
205,"Forwards","Exclude",NA,NA,NA,"TRUE",NA,"","Dissodactylus lockingtoni","Glassell 1935","","species","","Dissodactylus lockingtoni has never before been reported outside the Gulf of California and thus its occurence in Costa Rica represents about a 20 degree southward extension","","",NA,"",NA,"","","","",NA,"Gulf of California","","","Exclude"
206,"Forwards","Exclude",NA,NA,NA,"TRUE",NA,"","","","","","","","","",NA,"",NA,"","","","",NA,"","","","Exclude"
207,"Forwards","Exclude",NA,NA,NA,"TRUE",NA,"","","","","","","","","",NA,"",NA,"","","","",NA,"","","","Exclude"
208,"Forwards","Exclude",NA,NA,NA,"TRUE",NA,"","","","","","","","","",NA,"",NA,"","","","",NA,"","","","Exclude"
209,"Forwards","Exclude",NA,NA,NA,"TRUE",NA,"","","","","","","","","",NA,"",NA,"","","","",NA,"","","","Exclude"
210,"Forwards","Exclude",NA,TRUE,NA,"",NA,"","","","","","","","","",NA,"",NA,"","","","",NA,"","","","Exclude"
211,"Forwards","Exclude",NA,NA,TRUE,"",NA,"","","","","","","","","",NA,"",NA,"","","","",NA,"","","","Exclude"
212,"Forwards","Exclude",NA,NA,NA,"TRUE",NA,"","","","","","","","","",NA,"",NA,"","","","",NA,"","","","Exclude"
213,"Forwards","Exclude",NA,NA,TRUE,"",NA,"","","","","","","","","",NA,"",NA,"","","","",NA,"","","","Exclude"
214,"Forwards","Exclude",NA,TRUE,NA,"",NA,"","","","","","","","","",NA,"",NA,"","","","",NA,"","","","Exclude"
215,"Forwards","Exclude",NA,NA,NA,"",TRUE,"TRUE","","","","","","","","",NA,"",NA,"","","","",NA,"","","","Exclude"
216,"Forwards","Exclude",NA,TRUE,NA,"",NA,"","","","","","","","","",NA,"",NA,"","","","",NA,"","","","Exclude"
217,"Forwards","Exclude",NA,NA,NA,"TRUE",NA,"","","","","","","","","",NA,"",NA,"","","","",NA,"","","","Exclude"
218,"Forwards","Exclude",NA,NA,NA,"TRUE",NA,"","","","","","","","","",NA,"",NA,"","","","",NA,"","","","Exclude"
219,"Forwards","Exclude",NA,TRUE,NA,"",NA,"","","","","","","","","",NA,"",NA,"","","","",NA,"","","","Exclude"
220,"Forwards","Exclude",NA,NA,NA,"TRUE",NA,"","","","","","","","","",NA,"",NA,"","","","",NA,"","","","Exclude"
221,"Forwards","Exclude",NA,TRUE,NA,"",NA,"","","","","","","","","",NA,"",NA,"","","","",NA,"","","","Exclude"
222,"Forwards","Exclude",NA,NA,NA,"TRUE",NA,"","","","","","","","","",NA,"",NA,"","","","",NA,"","","","Exclude"
223,"Forwards","Include",NA,NA,NA,"",NA,"","Pyrosoma atlanticum","Peron, 1804","","species","","Washington","","",46.288831,"Google Maps",-123.671945416237,"R generated","2014","","",NA,"Pyrosomes are relatively common off of the California coast south of Cape Mendocino","","Long-term monitoring site","Include"
223,"Forwards","Include",NA,NA,NA,"",NA,"","Pyrosoma atlanticum","Peron, 1804","","species","","Washington","","",46.288831,"Google Maps",-123.671945416237,"R generated","2015","","",NA,"Pyrosomes are relatively common off of the California coast south of Cape Mendocino","","Long-term monitoring site","Include"
223,"Forwards","Include",NA,NA,NA,"",NA,"","Pyrosoma atlanticum","Peron, 1804","","species","","Washington","","",46.288831,"Google Maps",-123.671945416237,"R generated","2016","","",NA,"Pyrosomes are relatively common off of the California coast south of Cape Mendocino","","Long-term monitoring site","Include"
223,"Forwards","Include",NA,NA,NA,"",NA,"","Pyrosoma atlanticum","Peron, 1804","","species","","Vancouver Island, BC, Canada","49","",49,"Paper",-123.579344684795,"R generated","2017","August","",NA,"Pyrosomes are relatively common off of the California coast south of Cape Mendocino","","Long-term monitoring site","Include"
224,"Forwards","Exclude",NA,NA,NA,"TRUE",TRUE,"","","","","","","","","",NA,"",NA,"","","","",NA,"","","","Exclude"
225,"Forwards","Exclude",NA,NA,NA,"TRUE",TRUE,"","","","","","","","","",NA,"",NA,"","","","",NA,"","","","Exclude"
226,"Forwards","Exclude",NA,NA,NA,"",TRUE,"","","","","","","","","",NA,"",NA,"","","","",NA,"","","","Exclude"
227,"Forwards","Exclude",NA,NA,NA,"TRUE",TRUE,"","","","","","","","","",NA,"",NA,"","","","",NA,"","","","Exclude"
228,"Forwards","Exclude",NA,NA,NA,"TRUE",TRUE,"","","","","","","","","",NA,"",NA,"","","","",NA,"","","","Exclude"
229,"Forwards","Exclude",NA,TRUE,NA,"",NA,"","","","","","","","","",NA,"",NA,"","","","",NA,"","","","Exclude"
230,"Forwards","Exclude",NA,NA,NA,"TRUE",NA,"","","","","","","","","",NA,"",NA,"","","","",NA,"","","","Exclude"
231,"Forwards","Exclude",NA,NA,NA,"TRUE",TRUE,"","","","","","","","","",NA,"",NA,"","","","",NA,"","","","Exclude"
232,"Forwards","Exclude",NA,NA,TRUE,"",NA,"","","","","","","","","",NA,"",NA,"","","","",NA,"","","","Exclude"
233,"Forwards","Exclude",NA,NA,NA,"TRUE",NA,"","Pyrosoma atlanticum","","","species","","Newport, OR","44.652","−124.295",44.652,"Paper",-124.295,"Paper","2018","July","3-12",NA,"this isn't really another extension, it's just another datapoint matching up with the extension event that began in 2014.","low","","Exclude"
234,"Forwards","Include",NA,NA,NA,"",NA,"","Stramonita biserialis","","","species","","northern Baja, 30.5","30.5","",30.5,"Paper",-114.633342062008,"R generated","1971","","",NA,"historic northern range limit was in the region of Punta Eugenia (~27.8ºN; Keen, 1971).","","Opportunistic+ (e.g. iNaturalist observation in a frequently studied area)","Exclude"
234,"Forwards","Include",NA,NA,NA,"",NA,"","Stramonita biserialis","","","species","","northern Baja, 32.3","32.3","",32.3,"Paper",-117.037064437931,"R generated","1947","","",NA,"historic northern range limit was in the region of Punta Eugenia (~27.8ºN; Keen, 1971).","","Opportunistic+ (e.g. iNaturalist observation in a frequently studied area)","Exclude"
234,"Forwards","Include",NA,NA,NA,"",NA,"","Stramonita biserialis","","","species","","33.5ºN: inaturalist.org/observations/9674212","33.5","",33.5,"Paper",-117.749328266462,"R generated","2018","","",NA,"historic northern range limit was in the region of Punta Eugenia (~27.8ºN; Keen, 1971).","","Opportunistic+ (e.g. iNaturalist observation in a frequently studied area)","Exclude"
234,"Forwards","Include",NA,NA,NA,"",NA,"","Stramonita biserialis","","","species","","Scripps reserve (32.9ºN)","32.9","",32.9,"Paper",-117.256404133878,"R generated","2017","","",NA,"historic northern range limit was in the region of Punta Eugenia (~27.8ºN; Keen, 1971).","","Long-term monitoring site","Exclude"
234,"Forwards","Include",NA,NA,NA,"",NA,"","Plicopurpura columellaris","","","species","","Punta Clambey (27.6ºN),","27.6","",27.6,"Paper",-114.780522401525,"R generated","2017","","",NA,"historic northern limit, based on museum records (1979; LACM), was around Punta Pequeña on the Pacific coast of Baja Sur (~26.2ºN).","","Opportunistic+ (e.g. iNaturalist observation in a frequently studied area)","Exclude"
235,"Forwards","Exclude",NA,TRUE,NA,"",NA,"","","","","","","","","",NA,"",NA,"","","","",NA,"","","","Exclude"
236,"Forwards","Exclude",NA,NA,NA,"TRUE",NA,"","","","","","","","","",NA,"",NA,"","","","",NA,"","","","Exclude"
237,"Forwards","Exclude",NA,NA,NA,"TRUE",TRUE,"","","","","","","","","",NA,"",NA,"","","","",NA,"","","","Exclude"
238,"Forwards","Exclude",NA,NA,NA,"TRUE",NA,"","","","","","","","","",NA,"",NA,"","","","",NA,"","","","Exclude"
239,"Forwards","Exclude",NA,TRUE,NA,"",NA,"","","","","","","","","",NA,"",NA,"","","","",NA,"","","","Exclude"
240,"Forwards","Exclude",NA,TRUE,NA,"",NA,"","","","","","","","","",NA,"",NA,"","","","",NA,"","","","Exclude"
241,"Forwards","Exclude",NA,NA,NA,"TRUE",TRUE,"","","","","","","","","",NA,"",NA,"","","","",NA,"","","","Exclude"
242,"Forwards","Exclude",NA,NA,NA,"",TRUE,"","","","","","","","","",NA,"",NA,"","","","",NA,"","","","Exclude"
243,"Forwards","Exclude",NA,NA,NA,"TRUE",NA,"","","","","","","","","",NA,"",NA,"","","","",NA,"","","","Exclude"
244,"Forwards","Exclude",NA,NA,NA,"TRUE",NA,"","","","","","","","","",NA,"",NA,"","","","",NA,"","","","Exclude"
245,"Forwards","Exclude",NA,TRUE,NA,"",NA,"","","","","","","","","",NA,"",NA,"","","","",NA,"","","","Exclude"
246,"Forwards","Exclude",NA,NA,NA,"TRUE",NA,"","","","","","","","","",NA,"",NA,"","","","",NA,"","","","Exclude"
247,"Forwards","Exclude",NA,NA,NA,"TRUE",NA,"","","","","","","","","",NA,"",NA,"","","","",NA,"","","","Exclude"
248,"Forwards","Exclude",NA,NA,NA,"TRUE",NA,"","","","","","","","","",NA,"",NA,"","","","",NA,"","","","Exclude"
249,"Forwards","Exclude",NA,NA,NA,"TRUE",TRUE,"","","","","","","","","",NA,"",NA,"","","","",NA,"","","","Exclude"
250,"Forwards","Exclude",NA,NA,NA,"TRUE",NA,"","","","","","","","","",NA,"",NA,"","","","",NA,"","","","Exclude"
251,"Forwards","Exclude",NA,NA,NA,"TRUE",NA,"","","","","","","","","",NA,"",NA,"","","","",NA,"","","","Exclude"
252,"Forwards","Exclude",NA,NA,NA,"TRUE",NA,"","","","","","","","","",NA,"",NA,"","","","",NA,"","","","Exclude"
253,"Forwards","Exclude",NA,NA,TRUE,"",NA,"","","","","","","","","",NA,"",NA,"","","","",NA,"","","","Exclude"
254,"Forwards","Exclude",NA,NA,NA,"",TRUE,"","Pinnixa eburna","Wells","Pea Crab","Species","","near Victoria, at Oak and Cordova Bays, which extends its known range slightly northward and across the international border","","",NA,"",NA,"","1952","","",NA,"San Juan Island, Puget Sound Washington","","","Exclude"
254,"Forwards","Exclude",NA,NA,NA,"",TRUE,"","Pachycheles pubescens","Holmes","","Species","","Goose Island, about 52 degrees north latitude","52 degrees north","",NA,"",NA,"","1948","","",NA,"The former northern limit was Esperanza Inlet, Vancouver Island","Hart ibid","",""
254,"Forwards","Exclude",NA,NA,NA,"",TRUE,"","Pufettia richii","Dana","spider crab","species","","Goose Island","52 degrees north?","",NA,"",NA,"","1948?","","",NA,"found previously as far north as Esperanza Inlet","Hart ibid","",""
254,"Forwards","Exclude",NA,NA,NA,"",TRUE,"","Petrolisthes eriomerus","Stimpson","porcelain crab","species","","Langara Island, some 140 miles farther north","","",NA,"",NA,"","1952","May","24",NA,"was previously recorded from Flamingo Harbour, on the south-west tip of Moresby Island of the Queen Charlotte group","Josephine F. L. Hart. ""Reptant decapod crustacea of the west coasts of Vancouver and Queen Charlotte Islands, British Columbia"" Canadian Journal of Research, D, 18:86-105. 1940","",""
255,"Forwards","Exclude",NA,NA,NA,"TRUE",NA,"","","","","","","","","",NA,"",NA,"","","","",NA,"","","","Exclude"
256,"Forwards","Inconclusive",NA,NA,NA,"",NA,"","","","","","","","","",NA,"",NA,"","","","",NA,"","","","Inconclusive"
257,"Forwards","Exclude",NA,TRUE,NA,"",NA,"","","","","","","","","",NA,"",NA,"","","","",NA,"","","","Exclude"
258,"Forwards","Exclude",NA,TRUE,NA,"",NA,"","","","","","","","","",NA,"",NA,"","","","",NA,"","","","Exclude"
259,"Forwards","Exclude",NA,NA,NA,"",TRUE,"TRUE? (tropical?)","Chione tumens","","","species","","Bahía de Chamela is located in the central part of the Mexican Tropical Pacific between Punta Rivas (19°34'36""N, 105°08'33""W) and Punta Chamela (19°30'52""N, 105°04'56""W)","19°34'36""N and/or 19°30'52""N","105°08'33""W and/or 105°04'56""W",NA,"",NA,"","2007-2018","","",NA,"Pacific coast of BCS (25 N) south to Cabo San Lucas, into the Gulf of California as far as north as Bahia La Choya and Babia San Carlos, Sonora","(Huber 2010, Coan and Valentich-Scott 2012)","","Exclude"
259,"Forwards","Exclude",NA,NA,NA,"",TRUE,"TRUE? (tropical?)","Caryocorbula ovulata","","","species","","Bahía de Chamela is located in the central part of the Mexican Tropical Pacific between Punta Rivas (19°34'36""N, 105°08'33""W) and Punta Chamela (19°30'52""N, 105°04'56""W)","19°34'36""N and/or 19°30'52""N","105°08'33""W and/or 105°04'56""W",NA,"",NA,"","2007-2018","","",NA,"Bahia Jianilla, Guanacaste, Coast of Costa Rica to Cabo Blanco, Piura, Peru","(Coan and Valentich-Scott 2012","",""
259,"Forwards","Exclude",NA,NA,NA,"",TRUE,"TRUE? (tropical?)","Lottia stanfordiana","","","species","","Bahía de Chamela is located in the central part of the Mexican Tropical Pacific between Punta Rivas (19°34'36""N, 105°08'33""W) and Punta Chamela (19°30'52""N, 105°04'56""W)","19°34'36""N and/or 19°30'52""N","105°08'33""W and/or 105°04'56""W",NA,"",NA,"","2007-2018","","",NA,"Head of the Gulf of California south to Guaymas and Espiritu Santo Island, BCS","Keen 1971","",""
259,"Forwards","Exclude",NA,NA,NA,"",TRUE,"TRUE? (tropical?)","Tegula corteziana","","","species","","Bahía de Chamela is located in the central part of the Mexican Tropical Pacific between Punta Rivas (19°34'36""N, 105°08'33""W) and Punta Chamela (19°30'52""N, 105°04'56""W)","19°34'36""N and/or 19°30'52""N","105°08'33""W and/or 105°04'56""W",NA,"",NA,"","2007-2018","","",NA,"from north Gulf of California, Cerralvo Island south to Guaymas, Sonora, These were also recorded in Puerto Peñasco, Sonora,  Cabo Tepoca, Sonora, Mexico, are also records from Nuevo Vallarta, Nayarit and Bahia Ouhira, Ahome,
Sinaloa (NaturaLista https://www.naturalista.mx), but still need to be validated by experts;","Keen 1971","",""
259,"Forwards","Exclude",NA,NA,NA,"",TRUE,"TRUE? (tropical?)","Tegula verdispira","","","species","","Bahía de Chamela is located in the central part of the Mexican Tropical Pacific between Punta Rivas (19°34'36""N, 105°08'33""W) and Punta Chamela (19°30'52""N, 105°04'56""W)","19°34'36""N and/or 19°30'52""N","105°08'33""W and/or 105°04'56""W",NA,"",NA,"","2007-2018","","",NA,"Originally recorded in Maria Magdalena Island, Tres Marias Islands, Mexico. also recorded in Bahia Los Frailes, southern end of the Baja California
Peninsula (McLean 1970). Pacific coast of BCS (24°N), south to Cabo San Lucas, into the
Gulf of California","","",""
259,"Forwards","Exclude",NA,NA,NA,"",TRUE,"TRUE? (tropical?)","Anachis adelinae","","","species","","Bahía de Chamela is located in the central part of the Mexican Tropical Pacific between Punta Rivas (19°34'36""N, 105°08'33""W) and Punta Chamela (19°30'52""N, 105°04'56""W)","19°34'36""N and/or 19°30'52""N","105°08'33""W and/or 105°04'56""W",NA,"",NA,"","2007-2018","","",NA,"Bahia Magdalena, Baja California, through the Gulf to the Sonoran coast (Keen 1971, Skoglund 2002). Bahia Magdalena BCS, Mazatlan Sinaloa, south to Sayulita, Nayarit (Hendrickx and Brusca 2005);","","",""
259,"Forwards","Exclude",NA,NA,NA,"",TRUE,"TRUE? (tropical?)","Haminoea vesicula","","","species","","Bahía de Chamela is located in the central part of the Mexican Tropical Pacific between Punta Rivas (19°34'36""N, 105°08'33""W) and Punta Chamela (19°30'52""N, 105°04'56""W)","19°34'36""N and/or 19°30'52""N","105°08'33""W and/or 105°04'56""W",NA,"",NA,"","2007-2018","","",NA,"Originally described from shells collected in the southern coast of California (Gould 1855), has also been recorded from Ketchikan, Alaska, through the Coast of Wahington (Dall 1919), California to the coast of the Baja California peninsula and the Gulf of California (Baker and Hanna 1927, Hermosillo et al. 2006).","","",""
260,"Forwards","Exclude",NA,TRUE,NA,"",NA,"","","","","","","","","",NA,"",NA,"","","","",NA,"","","","Exclude"
261,"Forwards","Exclude",NA,NA,NA,"TRUE",NA,"","","","","","","","","",NA,"",NA,"","","","",NA,"","","","Exclude"
262,"Forwards","Exclude",NA,NA,NA,"TRUE",TRUE,"","","","","","","","","",NA,"",NA,"","","","",NA,"","","","Exclude"
263,"Forwards","Exclude",NA,NA,NA,"TRUE",TRUE,"","","","","","","","","",NA,"",NA,"","","","",NA,"","","","Exclude"
264,"Forwards","Exclude",NA,NA,NA,"TRUE",NA,"","","","","","","","","",NA,"",NA,"","","","",NA,"","","","Exclude"
265,"Forwards","Exclude",NA,TRUE,NA,"",NA,"","","","","","","","","",NA,"",NA,"","","","",NA,"","","","Exclude"
266,"Forwards","Exclude",NA,NA,NA,"TRUE",NA,"","","","","","","","","",NA,"",NA,"","","","",NA,"","","","Exclude"
267,"Forwards","Exclude",NA,TRUE,NA,"",NA,"","","","","","","","","",NA,"",NA,"","","","",NA,"","","","Exclude"
268,"Forwards","Exclude",NA,NA,NA,"TRUE",NA,"","","","","","","","","",NA,"",NA,"","","","",NA,"","","","Exclude"
269,"Forwards","Exclude",NA,NA,NA,"TRUE",TRUE,"","","","","","","","","",NA,"",NA,"","","","",NA,"","","","Exclude"
270,"Forwards","Exclude",NA,TRUE,NA,"",NA,"","","","","","","","","",NA,"",NA,"","","","",NA,"","","","Exclude"
271,"Forwards","Exclude",NA,NA,NA,"TRUE",NA,"","","","","","","","","",NA,"",NA,"","","","",NA,"","","","Exclude"
272,"Forwards","Exclude",NA,NA,NA,"TRUE",TRUE,"","","","","","","","","",NA,"",NA,"","","","",NA,"","","","Exclude"
273,"Forwards","Exclude",NA,NA,NA,"TRUE",TRUE,"","","","","","","","","",NA,"",NA,"","","","",NA,"","","","Exclude"
274,"Forwards","Exclude",NA,TRUE,NA,"",NA,"","","","","","","","","",NA,"",NA,"","","","",NA,"","","","Exclude"
275,"Forwards","Inconclusive",NA,NA,NA,"TRUE?",TRUE,"","","","","","","","","",NA,"",NA,"","","","",NA,"","","","Exclude"
276,"Forwards","Exclude",NA,NA,NA,"TRUE",NA,"","","","","","","","","",NA,"",NA,"","","","",NA,"","","","Exclude"
277,"Forwards","Exclude",NA,NA,TRUE,"",NA,"","","","","","","","","",NA,"",NA,"","","","",NA,"","","","Exclude"
278,"Forwards","Exclude",NA,NA,NA,"TRUE",TRUE,"","","","","","","","","",NA,"",NA,"","","","",NA,"","","","Exclude"
279,"Forwards","Exclude",NA,NA,NA,"TRUE",TRUE,"","","","","","","","","",NA,"",NA,"","","","",NA,"","","","Exclude"
280,"Forwards","Exclude",NA,TRUE,NA,"",NA,"","","","","","","","","",NA,"",NA,"","","","",NA,"","","","Exclude"
281,"Forwards","Exclude",NA,NA,TRUE,"",NA,"","","","","","","","","",NA,"",NA,"","","","",NA,"","","","Exclude"
282,"Forwards","Exclude",NA,NA,NA,"TRUE",NA,"","","","","","","","","",NA,"",NA,"","","","",NA,"","","","Exclude"
283,"Forwards","Inconclusive",NA,NA,NA,"",NA,"","","","","","","","","",NA,"",NA,"","","","",NA,"","","","Inconclusive"
284,"Forwards","Exclude",NA,TRUE,NA,"",NA,"","","","","","","","","",NA,"",NA,"","","","",NA,"","","","Exclude"
285,"Forwards","Exclude",NA,NA,NA,"TRUE",NA,"","","","","","","","","",NA,"",NA,"","","","",NA,"","","","Exclude"
286,"Forwards","Exclude",NA,TRUE,NA,"",NA,"","","","","","","","","",NA,"",NA,"","","","",NA,"","","","Exclude"
287,"Forwards","Exclude",NA,TRUE,NA,"",NA,"","","","","","","","","",NA,"",NA,"","","","",NA,"","","","Exclude"
288,"Forwards","Exclude",NA,TRUE,NA,"",NA,"","","","","","","","","",NA,"",NA,"","","","",NA,"","","","Exclude"
289,"Forwards","Exclude",NA,NA,NA,"TRUE",TRUE,"","","","","","","","","",NA,"",NA,"","","","",NA,"","","","Exclude"
290,"Forwards","Inconclusive",NA,NA,NA,"",TRUE,"","","","","","","","","",NA,"",NA,"","","","",NA,"","","","Exclude"
291,"Forwards","Exclude",NA,NA,NA,"",TRUE,"","","","","","","","","",NA,"",NA,"","","","",NA,"","","","Exclude"
292,"Forwards","Exclude",TRUE,NA,NA,"",NA,"","","","","","","","","",NA,"",NA,"","","","",NA,"","","","Exclude"
293,"Forwards","Exclude",NA,NA,NA,"TRUE",NA,"","","","","","","","","",NA,"",NA,"","","","",NA,"","","","Exclude"
294,"Forwards","Exclude",TRUE,NA,NA,"",NA,"","","","","","","","","",NA,"",NA,"","","","",NA,"","","","Exclude"
295,"Forwards","Exclude",NA,NA,NA,"TRUE",TRUE,"","","","","","","","","",NA,"",NA,"","","","",NA,"","","","Exclude"
296,"Forwards","Exclude",NA,NA,NA,"TRUE",NA,"","","","","","","","","",NA,"",NA,"","","","",NA,"","","","Exclude"
297,"Forwards","Exclude",NA,NA,NA,"TRUE",TRUE,"","","","","","","","","",NA,"",NA,"","","","",NA,"","","","Exclude"
298,"Forwards","Exclude",NA,NA,NA,"TRUE",TRUE,"","","","","","","","","",NA,"",NA,"","","","",NA,"","","","Exclude"
299,"Forwards","Exclude",NA,TRUE,NA,"",NA,"","","","","","","","","",NA,"",NA,"","","","",NA,"","","","Exclude"
300,"Forwards","Exclude",NA,NA,NA,"TRUE",TRUE,"","","","","","","","","",NA,"",NA,"","","","",NA,"","","","Exclude"
301,"Forwards","Exclude",NA,NA,NA,"TRUE",NA,"","","","","","","","","",NA,"",NA,"","","","",NA,"","","","Exclude"
302,"Forwards","Exclude",NA,NA,NA,"TRUE",TRUE,"","","","","","","","","",NA,"",NA,"","","","",NA,"","","","Exclude"
303,"Forwards","Include",NA,NA,NA,"",NA,"","Kelletia kelletii","","Kellet's whelk","species","adult","Hopkins Marine Life Refuge, Monterey Bay","N36 °37.27'","W121 °54.10′",36.6212,"Paper",-121.9017,"Paper","1980","","",NA,"""Point Conception was the historic northern range limit for K. kelletii""","","Long-term monitoring site","Include"
304,"Forwards","Exclude",NA,NA,NA,"TRUE",TRUE,"","","","","","","","","",NA,"",NA,"","","","",NA,"","","","Exclude"
305,"Forwards","Exclude",NA,TRUE,NA,"",NA,"","","","","","","","","",NA,"",NA,"","","","",NA,"","","","Exclude"
306,"Forwards","Exclude",NA,NA,NA,"TRUE",NA,"","","","","","","","","",NA,"",NA,"","","","",NA,"","","","Exclude"
307,"Forwards","Exclude",NA,NA,NA,"TRUE",NA,"","","","","","","","","",NA,"",NA,"","","","",NA,"","","","Exclude"
308,"Forwards","Exclude",NA,NA,NA,"TRUE",NA,"","","","","","","","","",NA,"",NA,"","","","",NA,"","","","Exclude"
309,"Forwards","Exclude",NA,NA,NA,"",TRUE,"","","","","","","","","",NA,"",NA,"","","","",NA,"","","","Exclude"
310,"Forwards","Exclude",NA,TRUE,NA,"",NA,"","","","","","","","","",NA,"",NA,"","","","",NA,"","","","Exclude"
311,"Forwards","Exclude",NA,NA,NA,"",TRUE,"","","","","","","","","",NA,"",NA,"","","","",NA,"","","","Exclude"
312,"Forwards","Exclude",NA,NA,TRUE,"",NA,"","","","","","","","","",NA,"",NA,"","","","",NA,"","","","Exclude"
313,"Forwards","Exclude",NA,NA,NA,"TRUE",TRUE,"","","","","","","","","",NA,"",NA,"","","","",NA,"","","","Exclude"
314,"Forwards","Exclude",NA,NA,NA,"",TRUE,"","","","","","","","","",NA,"",NA,"","","","",NA,"","","","Exclude"
315,"Forwards","Exclude",NA,NA,NA,"",TRUE,"","","","","","","","","",NA,"",NA,"","","","",NA,"","","","Exclude"
316,"Forwards","Exclude",NA,NA,NA,"TRUE",TRUE,"","","","","","","","","",NA,"",NA,"","","","",NA,"","","","Exclude"
317,"Forwards","Include",NA,NA,NA,"",NA,"","Mexacanthina lugubris","","Dark unicorn whelk","species","adult","Orange County","33.5","",33.5,"Paper",-117.749328266462,"R generated","1937","","",NA,"Baja California; Prior to the 1970s, the northern range limit of M. l. lugubris was located near Ensenada (Radwin 1974; Becker 2005), approximately two degrees south of its contemporary northern limit. ","","Opportunistic+ (e.g. iNaturalist observation in a frequently studied area)","Include"
317,"Forwards","Include",NA,NA,NA,"",NA,"","Mexacanthina lugubris","","Dark unicorn whelk","species","adult","Orange County","33.5","",33.5,"Paper",-117.749328266462,"R generated","1955","","",NA,"Baja California; Prior to the 1970s, the northern range limit of M. l. lugubris was located near Ensenada (Radwin 1974; Becker 2005), approximately two degrees south of its contemporary northern limit. ","","Opportunistic+ (e.g. iNaturalist observation in a frequently studied area)","Include"
317,"Forwards","Inconclusive",NA,NA,NA,"",NA,"","Mexacanthina lugubris","","Dark unicorn whelk","species","adult","Thousand Steps Beach, CA","33.49°N","− 117.739",33.49,"Paper",-117.739,"Paper","2003","","",NA,"Baja California; Prior to the 1970s, the northern range limit of M. l. lugubris was located near Ensenada (Radwin 1974; Becker 2005), approximately two degrees south of its contemporary northern limit. ","","","Inconclusive"
318,"Forwards","Exclude",NA,NA,NA,"TRUE",NA,"","","","","","","","","",NA,"",NA,"","","","",NA,"","","","Exclude"
319,"Forwards","Exclude",NA,NA,NA,"",TRUE,"","","","","","","","","",NA,"",NA,"","","","",NA,"","","","Exclude"
320,"Forwards","Exclude",NA,NA,TRUE,"",NA,"","","","","","","","","",NA,"",NA,"","","","",NA,"","","","Exclude"
321,"Forwards","Exclude",NA,TRUE,NA,"",NA,"","","","","","","","","",NA,"",NA,"","","","",NA,"","","","Exclude"
322,"Forwards","Exclude",NA,NA,NA,"",TRUE,"","","","","","","","","",NA,"",NA,"","","","",NA,"","","","Exclude"
323,"Forwards","Exclude",NA,NA,NA,"",NA,"","","","","","","","","",NA,"",NA,"","","","",NA,"","","","Exclude"
324,"Forwards","Exclude",NA,NA,NA,"",TRUE,"","","","","","","","","",NA,"",NA,"","","","",NA,"","","","Exclude"
325,"Forwards","Inconclusive",NA,NA,NA,"",TRUE,"","","","","","","","","",NA,"",NA,"","","","",NA,"","","","Exclude"
326,"Forwards","Exclude",NA,TRUE,NA,"",NA,"","","","","","","","","",NA,"",NA,"","","","",NA,"","","","Exclude"
327,"Forwards","Exclude",NA,TRUE,NA,"",NA,"","","","","","","","","",NA,"",NA,"","","","",NA,"","","","Exclude"
328,"Forwards","Exclude",NA,TRUE,NA,"",NA,"","","","","","","","","",NA,"",NA,"","","","",NA,"","","","Exclude"
329,"Forwards","Exclude",NA,NA,NA,"TRUE",NA,"","","","","","","","","",NA,"",NA,"","","","",NA,"","","","Exclude"
330,"Forwards","Exclude",NA,NA,NA,"",TRUE,"","","","","","","","","",NA,"",NA,"","","","",NA,"","","","Exclude"
331,"Forwards","Exclude",NA,NA,NA,"",TRUE,"","","","","","","","","",NA,"",NA,"","","","",NA,"","","","Exclude"
332,"Forwards","Exclude",NA,NA,NA,"",TRUE,"","","","","","","","","",NA,"",NA,"","","","",NA,"","","","Exclude"
333,"Forwards","Exclude",NA,NA,NA,"TRUE",NA,"","","","","","","","","",NA,"",NA,"","","","",NA,"","","","Exclude"
334,"Forwards","Exclude",NA,NA,NA,"TRUE",TRUE,"","","","","","","","","",NA,"",NA,"","","","",NA,"","","","Exclude"
335,"Forwards","Exclude",NA,TRUE,NA,"",NA,"","","","","","","","","",NA,"",NA,"","","","",NA,"","","","Exclude"
336,"Forwards","Exclude",NA,NA,NA,"TRUE",TRUE,"","","","","","","","","",NA,"",NA,"","","","",NA,"","","","Exclude"
337,"Forwards","Exclude",NA,NA,NA,"TRUE",NA,"","","","","","","","","",NA,"",NA,"","","","",NA,"","","","Exclude"
338,"Forwards","Exclude",NA,NA,NA,"TRUE",TRUE,"","","","","","","","","",NA,"",NA,"","","","",NA,"","","","Exclude"
339,"Forwards","Exclude",NA,NA,NA,"TRUE",TRUE,"","","","","","","","","",NA,"",NA,"","","","",NA,"","","","Exclude"
340,"Forwards","Exclude",NA,TRUE,NA,"",NA,"","","","","","","","","",NA,"",NA,"","","","",NA,"","","","Exclude"
341,"Forwards","Exclude",NA,NA,NA,"",TRUE,"","","","","","","","","",NA,"",NA,"","","","",NA,"","","","Exclude"
342,"Forwards","Include",NA,NA,NA,"",NA,"","Eurypon reiswigi","","sponge","","","Kuchenin Pt, Sechelt Inlet, British Columbia","49° 37.060' N","123° 48.229' W",49.6177,"Paper",-123.8038,"Paper","2012","","",NA,"Mexico","","Opportunistic","Include"
342,"Forwards","Include",NA,NA,NA,"",NA,"","Eurypon scruposus","","sponge","","","Christie Islet, Howe Sd, British Columbia","49° 29.919' N","123° 17.985' W",49.4987,"Paper",-123.2998,"Paper","2011","","",NA,"Mexico","","Opportunistic","Include"
342,"Forwards","Include",NA,NA,NA,"",NA,"","Oceanapia polytuba","","sponge","","","Execution Rock Cave, Barkley Sd, British Columbia","48° 49.9' N","125° 10.7' W",48.8317,"Paper",-125.1783,"Paper","1975","","",NA,"Gulf of California","","Opportunistic","Include"
342,"Forwards","Include",NA,NA,NA,"",NA,"","Oceanapia flava","","sponge","","","Sakinaw Rock, Sechelt Inlet, British Columbia","49° 34.005' N","123° 48.194' W",49.5668,"Paper",-123.8032,"Paper","2016","","",NA,"Gulf of California","","Opportunistic","Include"
343,"Forwards","Exclude",NA,NA,NA,"TRUE",NA,"","","","","","","","","",NA,"",NA,"","","","",NA,"","","","Exclude"
344,"Forwards","Include",NA,NA,NA,"",NA,"","Mexacanthina lugubris","","Dark unicorn whelk","species","adult","San Diego, CA","","",32.663501,"Google Maps",-117.149846084033,"R generated","1974","","",NA,"""Native to Baja California, Mexico""","","Long-term monitoring site","Include"
344,"Forwards","Include",NA,NA,NA,"",NA,"","Mexacanthina lugubris","","Dark unicorn whelk","species","adult","Thousand Steps Beach, CA","33.493","− 117.739",33.493,"Paper",-117.742847466044,"R generated","2003","","",NA,"""Native to Baja California, Mexico""","","Opportunistic","Include"
344,"Forwards","Include",NA,NA,NA,"",NA,"","Mexacanthina lugubris","","Dark unicorn whelk","species","adult","Heisler Park","33.543","− 117.793",33.543,"Paper",-117.796795218415,"R generated","2013","","",NA,"""Native to Baja California, Mexico""","","Long-term monitoring site","Include"
344,"Forwards","Include",NA,NA,NA,"",NA,"","Mexacanthina lugubris","","Dark unicorn whelk","species","adult","Leo Carillo Beach","34.044","− 118.937",34.044,"Paper",-120.430191700117,"R generated","2017","","",NA,"""Native to Baja California, Mexico""","","Opportunistic+ (e.g. iNaturalist observation in a frequently studied area)","Include"
345,"Forwards","Exclude",NA,NA,NA,"TRUE",NA,"","","","","","","","","",NA,"",NA,"","","","",NA,"","","","Exclude"
346,"Forwards","Exclude",NA,TRUE,NA,"",NA,"","","","","","","","","",NA,"",NA,"","","","",NA,"","","","Exclude"
347,"Forwards","Exclude",NA,NA,NA,"TRUE",TRUE,"","","","","","","","","",NA,"",NA,"","","","",NA,"","","","Exclude"
348,"Forwards","Include",NA,NA,NA,"",NA,"","Nyctiphanes simplex","","euphausiid","species","","Seaside, Oregon ","46° N","",46,"Paper",-123.92667729486,"R generated","1983","","",NA,"""a neritic species whose normal range extends from Baja into southern California (~34° N)""","Brinton & Townsend 1980, 2003","Long-term monitoring site","Include"
348,"Forwards","Include",NA,NA,NA,"",NA,"","Nyctiphanes simplex","","euphausiid","species","","Vancouver Island, British Columbia, Canada","48 to 51° N","",48,"Paper",-122.20909968173,"R generated","1998","","",NA,"""a neritic species whose normal range extends from Baja into southern California (~34° N)""","Tanasichuk & Cooper (2002) and Mackas & Galbraith (2002)","Long-term monitoring site","Include"
348,"Forwards","Include",NA,NA,NA,"",NA,"","Euphausia recurva","","euphausiid","species","","Newport Line Station NH25","44°40’N","46 km offshore",44.6667,"Paper",-124.65,"https://globec.whoi.edu/nep/reports/ccs_cruises/jul01cr.pdf","1998","","",NA,"""typically restricted to offshore Transition Zone waters""","(Brinton 1962, Brinton & Townsend 2003) ","Long-term monitoring site","Include"
348,"Forwards","Include",NA,NA,NA,"",NA,"","Euphausia mutica","","euphausiid","species","","Newport Line Station NH25","44°40’N","46 km offshore",44.6667,"Paper",-124.65,"https://globec.whoi.edu/nep/reports/ccs_cruises/jul01cr.pdf","1998","","",NA,"""typically restricted to offshore Transition Zone waters""","(Brinton 1962, Brinton & Townsend 2003) ","Long-term monitoring site","Include"
348,"Forwards","Include",NA,NA,NA,"",NA,"","Sagitta pseudoserratodentata","","chaetognath","species","","Newport Line Station NH15","44°40’N","28 km offshore",44.6667,"Paper",-124.41,"https://globec.whoi.edu/nep/reports/ccs_cruises/jul01cr.pdf","1998","","",NA,"""resides in Pacific Central waters and offshore of California to 43° N""","Bieri 1959, Alvariño 1965","Long-term monitoring site","Include"
348,"Forwards","Include",NA,NA,NA,"",NA,"","Centropages bradyi","","copepod","species","","103 km off the Columbia River (Stn CR55)","46° 16.0’ N","125° 25.2’ W",46.2667,"Paper",-125.42,"Paper","1997","","",NA,"""a warm-water copepod that is rare off Oregon... This is the most nearshore and northerly collection reported to date""","","Long-term monitoring site","Include"
349,"Forwards","Inconclusive",NA,NA,NA,"",NA,"","","","","","","","","",NA,"",NA,"","","","",NA,"","","","Exclude"
350,"Forwards","Exclude",NA,TRUE,NA,"",NA,"","","","","","","","","",NA,"",NA,"","","","",NA,"","","","Exclude"
351,"Forwards","Exclude",NA,TRUE,NA,"",NA,"","","","","","","","","",NA,"",NA,"","","","",NA,"","","","Exclude"
352,"Forwards","Exclude",NA,NA,NA,"",TRUE,"","","","","","","","","",NA,"",NA,"","","","",NA,"","","","Exclude"
353,"Forwards","Exclude",NA,TRUE,NA,"",NA,"","","","","","","","","",NA,"",NA,"","","","",NA,"","","","Exclude"
354,"Forwards","Exclude",NA,NA,NA,"TRUE",NA,"","","","","","","","","",NA,"",NA,"","","","",NA,"","","","Exclude"
355,"Forwards","Exclude",NA,NA,NA,"TRUE",NA,"","","","","","","","","",NA,"",NA,"","","","",NA,"","","","Exclude"
356,"Forwards","Exclude",NA,NA,NA,"TRUE",NA,"","","","","","","","","",NA,"",NA,"","","","",NA,"","","","Exclude"
357,"Forwards","Exclude",NA,NA,NA,"TRUE",NA,"","","","","","","","","",NA,"",NA,"","","","",NA,"","","","Exclude"
358,"Forwards","Exclude",NA,NA,NA,"TRUE",NA,"","","","","","","","","",NA,"",NA,"","","","",NA,"","","","Exclude"
359,"Forwards","Exclude",NA,TRUE,NA,"",NA,"","","","","","","","","",NA,"",NA,"","","","",NA,"","","","Exclude"
360,"Forwards","Exclude",NA,NA,NA,"TRUE",NA,"","","","","","","","","",NA,"",NA,"","","","",NA,"","","","Exclude"
361,"Forwards","Exclude",NA,TRUE,NA,"",NA,"","","","","","","","","",NA,"",NA,"","","","",NA,"","","","Exclude"
362,"Forwards","Exclude",NA,TRUE,NA,"",NA,"","","","","","","","","",NA,"",NA,"","","","",NA,"","","","Exclude"
363,"Forwards","Exclude",NA,TRUE,NA,"",NA,"","","","","","","","","",NA,"",NA,"","","","",NA,"","","","Exclude"
364,"Forwards","Exclude",NA,NA,NA,"TRUE",NA,"","","","","","","","","",NA,"",NA,"","","","",NA,"","","","Exclude"
365,"Forwards","Exclude",NA,NA,NA,"TRUE",NA,"","","","","","","","","",NA,"",NA,"","","","",NA,"","","","Exclude"
366,"Forwards","Include",NA,NA,NA,"",NA,"","Emerita analoga","Pacific sand crab","","species","adult and juvenile (molts)","Wickanninish Beach, BC","49°02’00”","125°41’33”",49.0333,"Paper",-125.6925,"Paper","2016","May","28",NA,"In California and Oregon it is abundant and persistent, although its Oregon population appears to be largely supplied by recruitment from California","","Opportunistic+ (e.g. iNaturalist observation in a frequently studied area)","Include"
366,"Forwards","Include",NA,NA,NA,"",NA,"","Emerita analoga","Pacific sand crab","","species","adult and juvenile (molts)","Karluk, Kodiak Island, AK","","",57.58193,"Google Maps",-154.460353,"Google Maps","1903","","",NA,"In California and Oregon it is abundant and persistent, although its Oregon population appears to be largely supplied by recruitment from California","","Opportunistic+ (e.g. iNaturalist observation in a frequently studied area)","Include"
366,"Forwards","Include",NA,NA,NA,"",NA,"","Emerita analoga","Pacific sand crab","","species","adult and juvenile (molts)","Columbia River to Kalaloch Beach, WA","","",47.604594,"Google Maps",-122.97650711089,"R generated","1941","","",NA,"In California and Oregon it is abundant and persistent, although its Oregon population appears to be largely supplied by recruitment from California","","Opportunistic+ (e.g. iNaturalist observation in a frequently studied area)","Include"
366,"Forwards","Include",NA,NA,NA,"",NA,"","Emerita analoga","Pacific sand crab","","species","adult and juvenile (molts)","Columbia River to Kalaloch Beach, WA","","",47.604594,"Google Maps",-122.97650711089,"R generated","1942","","",NA,"In California and Oregon it is abundant and persistent, although its Oregon population appears to be largely supplied by recruitment from California","","Opportunistic+ (e.g. iNaturalist observation in a frequently studied area)","Include"
366,"Forwards","Include",NA,NA,NA,"",NA,"","Emerita analoga","Pacific sand crab","","species","adult and juvenile (molts)","Fraser River, BC","","",49.110317,"Google Maps",-123.069991450524,"R generated","1957","","",NA,"In California and Oregon it is abundant and persistent, although its Oregon population appears to be largely supplied by recruitment from California","","Opportunistic+ (e.g. iNaturalist observation in a frequently studied area)","Include"
366,"Forwards","Include",NA,NA,NA,"",NA,"","Emerita analoga","Pacific sand crab","","species","adult and juvenile (molts)","Wickanninish Beach, BC","","",49.0333,"same location as 2016 time point from Paper",-125.703826637543,"R generated","1958","","",NA,"In California and Oregon it is abundant and persistent, although its Oregon population appears to be largely supplied by recruitment from California","","Opportunistic+ (e.g. iNaturalist observation in a frequently studied area)","Include"
366,"Forwards","Include",NA,NA,NA,"",NA,"","Emerita analoga","Pacific sand crab","","species","adult and juvenile (molts)","Wickanninish Beach, BC","","",49.0333,"same location as 2016 time point from Paper",-125.703826637543,"R generated","1959","","",NA,"In California and Oregon it is abundant and persistent, although its Oregon population appears to be largely supplied by recruitment from California","","Opportunistic+ (e.g. iNaturalist observation in a frequently studied area)","Include"
366,"Forwards","Include",NA,NA,NA,"",NA,"","Emerita analoga","Pacific sand crab","","species","adult and juvenile (molts)","Wickanninish Beach, BC","","",49.0333,"same location as 2016 time point from Paper",-125.703826637543,"R generated","1960","","",NA,"In California and Oregon it is abundant and persistent, although its Oregon population appears to be largely supplied by recruitment from California","","Opportunistic+ (e.g. iNaturalist observation in a frequently studied area)","Include"
366,"Forwards","Include",NA,NA,NA,"",NA,"","Emerita analoga","Pacific sand crab","","species","adult and juvenile (molts)","Wickanninish Beach, BC","","",49.0333,"same location as 2016 time point from Paper",-125.703826637543,"R generated","1961","","",NA,"In California and Oregon it is abundant and persistent, although its Oregon population appears to be largely supplied by recruitment from California","","Opportunistic+ (e.g. iNaturalist observation in a frequently studied area)","Include"
366,"Forwards","Include",NA,NA,NA,"",NA,"","Emerita analoga","Pacific sand crab","","species","adult and juvenile (molts)","Kyuquot Sound, BC","","",50.029345,"Google Maps",-124.972550228271,"R generated","1983","","",NA,"In California and Oregon it is abundant and persistent, although its Oregon population appears to be largely supplied by recruitment from California","","Opportunistic+ (e.g. iNaturalist observation in a frequently studied area)","Include"
366,"Forwards","Include",NA,NA,NA,"",NA,"","Emerita analoga","Pacific sand crab","","species","adult and juvenile (molts)","Olympic National Park Beaches, WA","","",47.577678,"Google Maps",-123.007320808685,"R generated","2006","","",NA,"In California and Oregon it is abundant and persistent, although its Oregon population appears to be largely supplied by recruitment from California","","Opportunistic+ (e.g. iNaturalist observation in a frequently studied area)","Include"
366,"Forwards","Include",NA,NA,NA,"",NA,"","Emerita analoga","Pacific sand crab","","species","adult and juvenile (molts)","Olympic National Park Beaches, WA","","",47.577678,"Google Maps",-123.007320808685,"R generated","2007","","",NA,"In California and Oregon it is abundant and persistent, although its Oregon population appears to be largely supplied by recruitment from California","","Opportunistic+ (e.g. iNaturalist observation in a frequently studied area)","Include"
366,"Forwards","Include",NA,NA,NA,"",NA,"","Emerita analoga","Pacific sand crab","","species","adult and juvenile (molts)","Olympic National Park Beaches, WA","","",47.577678,"Google Maps",-123.007320808685,"R generated","2008","","",NA,"In California and Oregon it is abundant and persistent, although its Oregon population appears to be largely supplied by recruitment from California","","Opportunistic+ (e.g. iNaturalist observation in a frequently studied area)","Include"
366,"Forwards","Include",NA,NA,NA,"",NA,"","Emerita analoga","Pacific sand crab","","species","adult and juvenile (molts)","Olympic National Park Beaches, WA","","",47.577678,"Google Maps",-123.007320808685,"R generated","2015","","",NA,"In California and Oregon it is abundant and persistent, although its Oregon population appears to be largely supplied by recruitment from California","","Opportunistic+ (e.g. iNaturalist observation in a frequently studied area)","Include"
367,"Forwards","Exclude",NA,NA,NA,"TRUE",NA,"","","","","","","","","",NA,"",NA,"","","","",NA,"","","","Exclude"
368,"Forwards","Exclude",NA,NA,NA,"TRUE",NA,"","","","","","","","","",NA,"",NA,"","","","",NA,"","","","Exclude"
369,"Forwards","Exclude",NA,NA,NA,"TRUE",NA,"","","","","","","","","",NA,"",NA,"","","","",NA,"","","","Exclude"
370,"Forwards","Exclude",NA,TRUE,NA,"",NA,"","","","","","","","","",NA,"",NA,"","","","",NA,"","","","Exclude"
371,"Forwards","Exclude",NA,NA,NA,"TRUE",NA,"","","","","","","","","",NA,"",NA,"","","","",NA,"","","","Exclude"
372,"Forwards","Exclude",NA,NA,NA,"TRUE",NA,"","","","","","","","","",NA,"",NA,"","","","",NA,"","","","Exclude"
373,"Forwards","Exclude",NA,TRUE,NA,"",NA,"","","","","","","","","",NA,"",NA,"","","","",NA,"","","","Exclude"
374,"Forwards","Include",NA,NA,NA,"",NA,"","Uca princeps","Smith, 1870","Mexican fiddler crab; princely fiddler crab","species","","Bolsa Chica Ecological Reserve in Huntington Beach","33.7","-118.05",33.7,"Paper",-118.05,"Paper","2018","July","8",NA,"ranging along the Pacific coast of the Americas from the Sechura Bay in Northern Peru to Mexico; Over the last 30 years our recognition of the northern edge of the species range along the Pacific Coast of Baja California, Mexico has gradually extended from Bahía Tortugas, Baja California Sur (27.67°N, 114.87°W) in 1989 (Campos & Campos, 1989) to Ensenada, Baja California (31.85°N, 116.63°W) today (E. Campos, personal communication).","(Rosenberg, 2014; www.fiddlercrab.info).","Opportunistic+ (e.g. iNaturalist observation in a frequently studied area)","Include"
375,"Forwards","Exclude",NA,NA,NA,"TRUE",TRUE,"","","","","","","","","",NA,"",NA,"","","","",NA,"","","","Exclude"
376,"Backwards","Include",NA,NA,NA,"",NA,"","Acanthinucella spirata","","Angular Unicorn Snail","species","","Bodega Harbor, CA","38.322295","-123.04954",38.322295,"Paper",-123.04954,"Paper","1949","","",NA,"Tomales Bay","Morris et al. 1980, Hellberg et al. 2001","Opportunistic","Include"
376,"Backwards","Include",NA,NA,NA,"",NA,"","Acanthinucella spirata","","Angular Unicorn Snail","species","","Devil's Gate at Cape Mondocino","40.396","-124.378",40.396,"Paper",-124.378,"Paper","2017","June","",NA,"Tomales Bay","Morris et al. 1980, Hellberg et al. 2001","Opportunistic","Include"
376,"Backwards","Include",NA,NA,NA,"",NA,"","Anthopleura sola","Pearse and Francis 2000","Sunburst Sea Anemone","species","","Bruhel Point, CA","39.60206","-123.78892",39.60206,"Paper",-123.78892,"Paper","2018","May","",NA,"Bodega Marine Reserve, CA","McFadden et al. 1997","Opportunistic+ (e.g. iNaturalist observation in a frequently studied area)","Include"
376,"Backwards","Include",NA,NA,NA,"",NA,"","Hippopodius hippopus","","Siphonophore","species","","Salmon Creek Beach, CA","38.32486","-123.07265",38.32486,"Paper",-123.07265,"Paper","2015","March","29",NA,"Point Conception, CA","Haddock and Case 1999","Opportunistic+ (e.g. iNaturalist observation in a frequently studied area)","Include"
376,"Backwards","Include",NA,NA,NA,"",NA,"","Physophora hydrostatica","Alvariño 1971","Hula Skirt Siphonophore","species","","Salmon Creek Beach, CA","38.32486","-123.07265",38.32486,"Paper",-123.07265,"Paper","2015","April","26",NA,"Monterey Bay, CA","","Opportunistic+ (e.g. iNaturalist observation in a frequently studied area)","Include"
376,"Backwards","Include",NA,NA,NA,"",NA,"","Physophora hydrostatica","Alvariño 1971","Hula Skirt Siphonophore","species","","Salmon Creek Beach, CA","38.32486","-123.07265",38.32486,"Paper",-123.07265,"Paper","2016","February","19",NA,"Monterey Bay, CA","","Opportunistic+ (e.g. iNaturalist observation in a frequently studied area)","Include"
376,"Backwards","Include",NA,NA,NA,"",NA,"","Physophora hydrostatica","Alvariño 1971","Hula Skirt Siphonophore","species","","Mad River Beach, CA","40.916195","-124.140865",40.916195,"Paper",-124.140865,"Paper","2017","December","",NA,"Monterey Bay, CA","","Opportunistic+ (e.g. iNaturalist observation in a frequently studied area)","Include"
376,"Backwards","Include",NA,NA,NA,"",NA,"","Physophora hydrostatica","Alvariño 1971","Hula Skirt Siphonophore","species","","Mad River Beach, CA","40.916195","-124.140865",40.916195,"Paper",-124.140865,"Paper","2018","March","",NA,"Monterey Bay, CA","","Opportunistic+ (e.g. iNaturalist observation in a frequently studied area)","Include"
376,"Backwards","Include",NA,NA,NA,"",NA,"","Chrysaora colorata","","Purple-striped Jellyfish","species","","Bodega Bay, CA","38.305175","-123.05303",38.305175,"Paper",-123.05303,"Paper","1972","Summer","",NA,"Monterey Bay, CA","Wrobel and Mills 1998, Mills and Larson 2007; Morandini and Marques 2010","Opportunistic+ (e.g. iNaturalist observation in a frequently studied area)","Include"
376,"Backwards","Include",NA,NA,NA,"",NA,"","Chrysaora colorata","","Purple-striped Jellyfish","species","","Salmon Creek Beach, CA","38.32486","-123.07265",38.32486,"Paper",-123.07265,"Paper","1973","July","20",NA,"Monterey Bay, CA","Wrobel and Mills 1998, Mills and Larson 2007; Morandini and Marques 2010","Opportunistic+ (e.g. iNaturalist observation in a frequently studied area)","Include"
376,"Backwards","Include",NA,NA,NA,"",NA,"","Chrysaora colorata","","Purple-striped Jellyfish","species","","Mad River Beach, CA","40.916195","-124.140865",40.916195,"Paper",-124.140865,"Paper","2006","October","",NA,"Bodega Bay, CA","Wrobel and Mills 1998, Mills and Larson 2007; Morandini and Marques 2010","Opportunistic+ (e.g. iNaturalist observation in a frequently studied area)","Include"
376,"Backwards","Include",NA,NA,NA,"",NA,"","Chrysaora colorata","","Purple-striped Jellyfish","species","","Humboldt Bay, CA","40.76099","-124.2343",40.76099,"Paper",-124.2343,"Paper","2014","August","29",NA,"Bodega Bay, CA","Wrobel and Mills 1998, Mills and Larson 2007; Morandini and Marques 2010","Opportunistic+ (e.g. iNaturalist observation in a frequently studied area)","Include"
376,"Backwards","Include",NA,NA,NA,"",NA,"","Chrysaora colorata","","Purple-striped Jellyfish","species","","Arcadia Beach, OR","45.84735","-123.96122",45.84735,"Paper",-123.96122,"Paper","2017","February","",NA,"Bodega Bay, CA","Wrobel and Mills 1998, Mills and Larson 2007; Morandini and Marques 2010","Opportunistic+ (e.g. iNaturalist observation in a frequently studied area)","Include"
376,"Backwards","Include",NA,NA,NA,"",NA,"","Cestum veneris","","Venus' Girdle Ctenophore","species","","Rainy Bay, Barkley Sound, BC","48.96887","-125.022978",48.96887,"Paper",-125.022978,"Paper","2014","April","1",NA,"Monterey Bay, CA","Harbison et al. 1978, Wrobel and Mills 1998","Opportunistic+ (e.g. iNaturalist observation in a frequently studied area)","Include"
376,"Backwards","Include",NA,NA,NA,"",NA,"","Cestum veneris","","Venus' Girdle Ctenophore","species","","Pill Point, Barkley Sound","48.966325","-125.083175",48.966325,"Paper",-125.083175,"Paper","2016","January","",NA,"Monterey Bay, CA","Harbison et al. 1978, Wrobel and Mills 1998","Opportunistic+ (e.g. iNaturalist observation in a frequently studied area)","Include"
376,"Backwards","Include",NA,NA,NA,"",NA,"","Hespererato vitellina","","Appleseed Erato Snail","species","","Shell Beach, CA","38.41743","-123.10728",38.41743,"Paper",-123.10728,"Paper","2016","February","6",NA,"Bodega Marine Reserve, CA","Morris et al. 1980","Opportunistic+ (e.g. iNaturalist observation in a frequently studied area)","Include"
376,"Backwards","Include",NA,NA,NA,"",NA,"","Thylacodes squamigerus","","Scaled Tube Snail","species","","Bodega Marine Reserve, CA","38.31874","-123.07411",38.31874,"Paper",-123.07411,"Paper","2001","","",NA,"Bodega Marine Reserve, CA","Morris et al. 1980","Opportunistic+ (e.g. iNaturalist observation in a frequently studied area)","Include"
376,"Backwards","Include",NA,NA,NA,"",NA,"","Thylacodes squamigerus","","Scaled Tube Snail","species","","Salt Point State Park, CA","38.565245","-123.33385",38.565245,"Paper",-123.33385,"Paper","2017","February","25",NA,"Bodega Marine Reserve, CA","Morris et al. 1980","Opportunistic+ (e.g. iNaturalist observation in a frequently studied area)","Include"
376,"Backwards","Include",NA,NA,NA,"",NA,"","Creseis virgula","Bé and Gilmer 1977","Curved Needle Pteropod","species","","Point Conception, CA","34.448789","-120.47157",34.448789,"Paper",-120.47157,"Paper","1950","April","",NA,"off Central California","","Long-term monitoring site","Include"
376,"Backwards","Include",NA,NA,NA,"",NA,"","Creseis virgula","Bé and Gilmer 1977","Curved Needle Pteropod","species","","Bodega Line Station 4","38.194175","-123.4",38.194175,"Paper",-123.4,"Paper","2014","November","4",NA,"off Central California","","Long-term monitoring site","Include"
376,"Backwards","Include",NA,NA,NA,"",NA,"","Hyalocylis striata","Tesch 1946, Tesch 1948, McGowan 1967, Bé and Gilmer 1977","Striated Sea Butterfly","species","","Bodega Line Station 4","38.194175","-123.4",38.194175,"Paper",-123.4,"Paper","2014","November","4",NA,"Baja California, Mexico","","Opportunistic+ (e.g. iNaturalist observation in a frequently studied area)","Include"
376,"Backwards","Include",NA,NA,NA,"",NA,"","Berthella strongi","","Strong's Sidegill","species","","MacKerricher State Park, CA","39.536724","-123.772568",39.536724,"Paper",-123.772568,"Paper","2016","July","4",NA,"Moss Beach, CA","Bertsch et al. 1972","Opportunistic+ (e.g. iNaturalist observation in a frequently studied area)","Include"
376,"Backwards","Include",NA,NA,NA,"",NA,"","Anteaeolidiella oliviae","","Olive's Nudibranch","species","","Fort Bragg, CA","39.4513","-123.8139",39.4513,"Paper",-123.8139,"Paper","2015","February","16",NA,"Duxbury Reef, CA","Gosliner and Williams 1970","Opportunistic+ (e.g. iNaturalist observation in a frequently studied area)","Include"
376,"Backwards","Include",NA,NA,NA,"",NA,"","Doriopsilla albopunctata","","White-spotted Sea Goddess","species","","Whiskey Creek, OR","42.2227","-124.383",42.2227,"Paper",-124.383,"Paper","2017","May","",NA,"Mendocino, CA","Goddard et al. 2016","Opportunistic+ (e.g. iNaturalist observation in a frequently studied area)","Include"
376,"Backwards","Include",NA,NA,NA,"",NA,"","Doriopsilla albopunctata","","White-spotted Sea Goddess","species","","Whiskey Creek, OR","42.2227","-124.383",42.2227,"Paper",-124.383,"Paper","2016","July","8",NA,"Mendocino, CA","Goddard et al. 2016","Opportunistic+ (e.g. iNaturalist observation in a frequently studied area)","Include"
376,"Backwards","Include",NA,NA,NA,"",NA,"","Doriopsilla albopunctata","","White-spotted Sea Goddess","species","","Bodega Marine Reserve, CA","38.31874","-123.07411",38.31874,"Paper",-123.07411,"Paper","2014","July","15",NA,"Mendocino, CA","Goddard et al. 2016","Opportunistic+ (e.g. iNaturalist observation in a frequently studied area)","Include"
376,"Backwards","Include",NA,NA,NA,"",NA,"","Doriopsilla albopunctata","","White-spotted Sea Goddess","species","","Bodega Marine Reserve, CA","38.31874","-123.07411",38.31874,"Paper",-123.07411,"Paper","2015","February","16",NA,"Mendocino, CA","Goddard et al. 2016","Opportunistic+ (e.g. iNaturalist observation in a frequently studied area)","Include"
376,"Backwards","Include",NA,NA,NA,"",NA,"","Doriopsilla fulva","","White-spotted Dorid","species","","Whiskey Creek, OR","42.2227","-124.383",42.2227,"Paper",-124.383,"Paper","2015","June","",NA,"Abalone Beach, CA","Jaeckle 1984","Opportunistic+ (e.g. iNaturalist observation in a frequently studied area)","Include"
376,"Backwards","Include",NA,NA,NA,"",NA,"","Doriopsilla fulva","","White-spotted Dorid","species","","Netarts Bay, OR","45.42947","-123.94776",45.42947,"Paper",-123.94776,"Paper","2016","June","",NA,"Abalone Beach, CA","Jaeckle 1984","Opportunistic+ (e.g. iNaturalist observation in a frequently studied area)","Include"
376,"Backwards","Include",NA,NA,NA,"",NA,"","Doriopsilla fulva","","White-spotted Dorid","species","","Netarts Bay, OR","45.42947","-123.94776",45.42947,"Paper",-123.94776,"Paper","2017","June","",NA,"Abalone Beach, CA","Jaeckle 1984","Opportunistic+ (e.g. iNaturalist observation in a frequently studied area)","Include"
376,"Backwards","Include",NA,NA,NA,"",NA,"","Janolus barbarensis","","Janolus Nudibranch","species","","Bodega Harbor, CA","38.322295","-123.04954",38.322295,"Paper",-123.04954,"Paper","2015","September","11",NA,"San Francisco Bay, CA","Goddard et al. 2016; Jaeckle 1983","Opportunistic+ (e.g. iNaturalist observation in a frequently studied area)","Include"
376,"Backwards","Include",NA,NA,NA,"",NA,"","Okenia angelensis","","Los Angeles Okenia","species","","San Francisco Bay, CA","37.84328","-122.39656",37.84328,"Paper",-122.39656,"Paper","1964","September","",NA,"southern species","Lance 1966","Opportunistic+ (e.g. iNaturalist observation in a frequently studied area)","Include"
376,"Backwards","Include",NA,NA,NA,"",NA,"","Okenia angelensis","","Los Angeles Okenia","species","","Pillar Point Harbor, CA","37.501618","-122.483152",37.501618,"Paper",-122.483152,"Paper","2015","July","",NA,"southern species","","Opportunistic+ (e.g. iNaturalist observation in a frequently studied area)","Include"
376,"Backwards","Include",NA,NA,NA,"",NA,"","Okenia angelensis","","Los Angeles Okenia","species","","Miwok Beach, CA","38.36147","-123.069915",38.36147,"Paper",-123.069915,"Paper","2017","May","4",NA,"southern species","","Opportunistic+ (e.g. iNaturalist observation in a frequently studied area)","Include"
376,"Backwards","Include",NA,NA,NA,"",NA,"","Phidiana hiltoni","","Hilton's Nudibranch","species","","Dillon Beach, CA","38.2542","-122.969385",38.2542,"Paper",-122.969385,"Paper","2014","April","9",NA,"Duxbury Reef, CA","Goddard et al. 2011","Opportunistic+ (e.g. iNaturalist observation in a frequently studied area)","Include"
376,"Backwards","Include",NA,NA,NA,"",NA,"","Phidiana hiltoni","","Hilton's Nudibranch","species","","Pinnacle Gulch, CA","38.305185","-123.077205",38.305185,"Paper",-123.077205,"Paper","2015","November","25",NA,"Duxbury Reef, CA","Goddard et al. 2011","Opportunistic+ (e.g. iNaturalist observation in a frequently studied area)","Include"
376,"Backwards","Include",NA,NA,NA,"",NA,"","Panulirus interruptus","","Spiny Lobster","species","","San Francisco Bay, CA","37.84328","-122.39656",37.84328,"Paper",-122.39656,"Paper","1940","March","",NA,"Point Conception, CA","Ricketts and Calvin 1968","Opportunistic+ (e.g. iNaturalist observation in a frequently studied area)","Include"
376,"Backwards","Include",NA,NA,NA,"",NA,"","Panulirus interruptus","","Spiny Lobster","species","","Bodega Harbor, CA","38.322295","-123.04954",38.322295,"Paper",-123.04954,"Paper","2001","","",NA,"Point Conception, CA","Ricketts and Calvin 1968","Opportunistic+ (e.g. iNaturalist observation in a frequently studied area)","Include"
376,"Backwards","Include",NA,NA,NA,"",NA,"","Panulirus interruptus","","Spiny Lobster","species","larvae","Point Delgada, CA","40.021645","-124.069105",40.021645,"Paper",-124.069105,"Paper","2005","","",NA,"Point Conception, CA","Ricketts and Calvin 1968","Opportunistic+ (e.g. iNaturalist observation in a frequently studied area)","Include"
376,"Backwards","Include",NA,NA,NA,"",NA,"","Panulirus interruptus","","Spiny Lobster","species","larvae","Point Delgada, CA","40.021645","-124.069105",40.021645,"Paper",-124.069105,"Paper","2014","","",NA,"Point Conception, CA","Ricketts and Calvin 1968","Opportunistic+ (e.g. iNaturalist observation in a frequently studied area)","Include"
376,"Backwards","Include",NA,NA,NA,"",NA,"","Panulirus interruptus","","Spiny Lobster","species","","Duxbury Reef, CA","37.901315","-122.720366",37.901315,"Paper",-122.720366,"Paper","2011","September","",NA,"Point Conception, CA","Ricketts and Calvin 1968","Opportunistic+ (e.g. iNaturalist observation in a frequently studied area)","Include"
376,"Backwards","Include",NA,NA,NA,"",NA,"","Panulirus interruptus","","Spiny Lobster","species","","Duxbury Reef, CA","37.901315","-122.720366",37.901315,"Paper",-122.720366,"Paper","2013","September","",NA,"Point Conception, CA","Ricketts and Calvin 1968","Opportunistic+ (e.g. iNaturalist observation in a frequently studied area)","Include"
376,"Backwards","Include",NA,NA,NA,"",NA,"","Panulirus interruptus","","Spiny Lobster","species","","Monterey Bay, CA","36.80405","-121.945835",36.80405,"Paper",-121.945835,"Paper","2015","April","",NA,"Point Conception, CA","Ricketts and Calvin 1968","Opportunistic+ (e.g. iNaturalist observation in a frequently studied area)","Include"
376,"Backwards","Include",NA,NA,NA,"",NA,"","Panulirus interruptus","","Spiny Lobster","species","","Oyster Point Marina, San Francisco Bay, CA","37.66241","-122.37481",37.66241,"Paper",-122.37481,"Paper","2016","August","",NA,"Point Conception, CA","Ricketts and Calvin 1968","Opportunistic+ (e.g. iNaturalist observation in a frequently studied area)","Include"
376,"Backwards","Include",NA,NA,NA,"",NA,"","Panulirus interruptus","","Spiny Lobster","species","","Horseshoe Cove, CA","38.316795","-123.06941",38.316795,"Paper",-123.06941,"Paper","2017","September","19",NA,"Point Conception, CA","Ricketts and Calvin 1968","Opportunistic+ (e.g. iNaturalist observation in a frequently studied area)","Include"
376,"Backwards","Include",NA,NA,NA,"",NA,"","Petrolisthes manimaculis","","Chocolate Porcelain Crab","species","","Fort Ross State Park","38.5127","-123.24772",38.5127,"Paper",-123.24772,"Paper","2006","","27",NA,"Trinidad, CA","Jensen 1995, Morris et al. 1980","Opportunistic+ (e.g. iNaturalist observation in a frequently studied area)","Include"
376,"Backwards","Include",NA,NA,NA,"",NA,"","Petrolisthes manimaculis","","Chocolate Porcelain Crab","species","","Point St. George, CA","41.770605","-124.253885",41.770605,"Paper",-124.253885,"Paper","2017","May","27",NA,"Trinidad, CA","Jensen 1995, Morris et al. 1980","Opportunistic+ (e.g. iNaturalist observation in a frequently studied area)","Include"
376,"Backwards","Include",NA,NA,NA,"",NA,"","Portunus xantusii","","Xantus' Swimming Crab","species","","Tomales Bay, CA","38.213","-122.955465",38.213,"Paper",-122.955465,"Paper","1999","","",NA,"Santa Barbara, CA","Morris et al. 1980; Jensen 2014","Opportunistic+ (e.g. iNaturalist observation in a frequently studied area)","Include"
376,"Backwards","Include",NA,NA,NA,"",NA,"","Portunus xantusii","","Xantus' Swimming Crab","species","","Tomales Bay, CA","38.213","-122.955465",38.213,"Paper",-122.955465,"Paper","2016","November","22",NA,"Morro Bay, CA","Jensen 2014","Opportunistic+ (e.g. iNaturalist observation in a frequently studied area)","Include"
376,"Backwards","Include",NA,NA,NA,"",NA,"","Pleuroncodes planipes","","Pelagic Red Crab","species","","Monterey Bay, CA","36.80405","-121.945835",36.80405,"Paper",-121.945835,"Paper","1960","","",NA,"Baja California, Mexico","Boyd 1967","Opportunistic+ (e.g. iNaturalist observation in a frequently studied area)","Include"
376,"Backwards","Include",NA,NA,NA,"",NA,"","Pleuroncodes planipes","","Pelagic Red Crab","species","","Monterey Bay, CA","36.80405","-121.945835",36.80405,"Paper",-121.945835,"Paper","1973","","",NA,"Baja California, Mexico","Boyd 1967","Opportunistic+ (e.g. iNaturalist observation in a frequently studied area)","Include"
376,"Backwards","Include",NA,NA,NA,"",NA,"","Pleuroncodes planipes","","Pelagic Red Crab","species","","Farallon Islands, CA","37.698795","-123.00325",37.698795,"Paper",-123.00325,"Paper","1983","","",NA,"Baja California, Mexico","Boyd 1967","Opportunistic+ (e.g. iNaturalist observation in a frequently studied area)","Include"
376,"Backwards","Include",NA,NA,NA,"",NA,"","Pleuroncodes planipes","","Pelagic Red Crab","species","","Fort Bragg, CA","39.4513","-123.8139",39.4513,"Paper",-123.8139,"Paper","1985","","",NA,"Baja California, Mexico","Boyd 1967","Opportunistic+ (e.g. iNaturalist observation in a frequently studied area)","Include"
376,"Backwards","Include",NA,NA,NA,"",NA,"","Pleuroncodes planipes","","Pelagic Red Crab","species","","Monterey Bay, CA","36.80405","-121.945835",36.80405,"Paper",-121.945835,"Paper","1998","","",NA,"Baja California, Mexico","Boyd 1967","Opportunistic+ (e.g. iNaturalist observation in a frequently studied area)","Include"
376,"Backwards","Include",NA,NA,NA,"",NA,"","Pleuroncodes planipes","","Pelagic Red Crab","species","","Monterey Bay, CA","36.80405","-121.945835",36.80405,"Paper",-121.945835,"Paper","2015","October","",NA,"Baja California, Mexico","Boyd 1967","Opportunistic+ (e.g. iNaturalist observation in a frequently studied area)","Include"
376,"Backwards","Include",NA,NA,NA,"",NA,"","Pleuroncodes planipes","","Pelagic Red Crab","species","","Monterey Bay, CA","36.80405","-121.945835",36.80405,"Paper",-121.945835,"Paper","2016","May","",NA,"Baja California, Mexico","Boyd 1967","Opportunistic+ (e.g. iNaturalist observation in a frequently studied area)","Include"
376,"Backwards","Include",NA,NA,NA,"",NA,"","Pleuroncodes planipes","","Pelagic Red Crab","species","","Agate Beach, OR","44.65821","-124.06085",44.65821,"Paper",-124.06085,"Paper","2017","March","1",NA,"Fort Bragg, CA","","Opportunistic+ (e.g. iNaturalist observation in a frequently studied area)","Include"
376,"Backwards","Include",NA,NA,NA,"",NA,"","Megabalanus californicus","","Pink-striped Barnacle","species","","Humboldt Bay, CA","40.76099","-124.2343",40.76099,"Paper",-124.2343,"Paper","1939","","",NA,"southern barnacle ""uncommon north of Monterey""","Newman and Abbott 1980","Opportunistic+ (e.g. iNaturalist observation in a frequently studied area)","Include"
376,"Backwards","Include",NA,NA,NA,"",NA,"","Megabalanus californicus","","Pink-striped Barnacle","species","","Cordell Bank, CA","38.03306","-123.444035",38.03306,"Paper",-123.444035,"Paper","1981","","",NA,"southern barnacle ""uncommon north of Monterey""","Newman and Abbott 1980","Opportunistic+ (e.g. iNaturalist observation in a frequently studied area)","Include"
376,"Backwards","Include",NA,NA,NA,"",NA,"","Megabalanus californicus","","Pink-striped Barnacle","species","","Horseshoe Cove, CA","38.316795","-123.06941",38.316795,"Paper",-123.06941,"Paper","1996","","",NA,"southern barnacle ""uncommon north of Monterey""","Newman and Abbott 1980","Opportunistic+ (e.g. iNaturalist observation in a frequently studied area)","Include"
376,"Backwards","Include",NA,NA,NA,"",NA,"","Megabalanus californicus","","Pink-striped Barnacle","species","","Tomales Point, CA","38.240895","-122.99475",38.240895,"Paper",-122.99475,"Paper","2009","April","",NA,"southern barnacle ""uncommon north of Monterey""","Newman and Abbott 1980","Opportunistic+ (e.g. iNaturalist observation in a frequently studied area)","Include"
376,"Backwards","Include",NA,NA,NA,"",NA,"","Megabalanus californicus","","Pink-striped Barnacle","species","","Bodega Marine Laboratory, CA","38.31180556","-123.083028",38.31180556,"Paper",-123.083028,"Paper","2006","September","",NA,"southern barnacle ""uncommon north of Monterey""","Newman and Abbott 1980","Opportunistic+ (e.g. iNaturalist observation in a frequently studied area)","Include"
376,"Backwards","Include",NA,NA,NA,"",NA,"","Megabalanus californicus","","Pink-striped Barnacle","species","","Humbug State Park, OR","42.683253","-124.449214",42.683253,"Paper",-124.449214,"Paper","2015","June","5",NA,"southern barnacle ""uncommon north of Monterey""","Newman and Abbott 1980","Opportunistic+ (e.g. iNaturalist observation in a frequently studied area)","Include"
376,"Backwards","Include",NA,NA,NA,"",NA,"","Paraconcavus pacificus","","Red-striped Barnacle","species","","Salmon Creek Beach, CA","38.32486","-123.07265",38.32486,"Paper",-123.07265,"Paper","2016","February","",NA,"San Francisco Bay, CA","Newman and Abbott 1980","Opportunistic+ (e.g. iNaturalist observation in a frequently studied area)","Include"
376,"Backwards","Include",NA,NA,NA,"",NA,"","Paraconcavus pacificus","","Red-striped Barnacle","species","","MacKerricher State Park, CA","39.536724","-123.772568",39.536724,"Paper",-123.772568,"Paper","2017","November","12",NA,"San Francisco Bay, CA","Newman and Abbott 1980","Opportunistic+ (e.g. iNaturalist observation in a frequently studied area)","Include"
376,"Backwards","Include",NA,NA,NA,"",NA,"","Paraconcavus pacificus","","Red-striped Barnacle","species","","Dillon Beach, CA","38.2542","-122.969385",38.2542,"Paper",-122.969385,"Paper","2019","February","",NA,"San Francisco Bay, CA","Newman and Abbott 1980","Opportunistic+ (e.g. iNaturalist observation in a frequently studied area)","Include"
376,"Backwards","Include",NA,NA,NA,"",NA,"","Ophiothrix spiculata","","Glass-spined Brittle Star","species","","Farallon Islands, CA","37.698795","-123.00325",37.698795,"Paper",-123.00325,"Paper","1962","","",NA,"San Mateo County, CA","Morris et al. 1980","Opportunistic+ (e.g. iNaturalist observation in a frequently studied area)","Include"
376,"Backwards","Include",NA,NA,NA,"",NA,"","Ophiothrix spiculata","","Glass-spined Brittle Star","species","","Cordell Bank, CA","38.03306","-123.444035",38.03306,"Paper",-123.444035,"Paper","1979","","",NA,"San Mateo County, CA","Morris et al. 1980","Opportunistic+ (e.g. iNaturalist observation in a frequently studied area)","Include"
376,"Backwards","Include",NA,NA,NA,"",NA,"","Ophiothrix spiculata","","Glass-spined Brittle Star","species","","San Francisco Bay, CA","37.84328","-122.39656",37.84328,"Paper",-122.39656,"Paper","2002","April","",NA,"San Mateo County, CA","Morris et al. 1980","Opportunistic+ (e.g. iNaturalist observation in a frequently studied area)","Include"
376,"Backwards","Include",NA,NA,NA,"",NA,"","Ophiothrix spiculata","","Glass-spined Brittle Star","species","","Pinnacle Gulch, CA","38.305185","-123.077205",38.305185,"Paper",-123.077205,"Paper","2014","November","8",NA,"San Mateo County, CA","Morris et al. 1980","Opportunistic+ (e.g. iNaturalist observation in a frequently studied area)","Include"
376,"Backwards","Include",NA,NA,NA,"",NA,"","Ophiothrix spiculata","","Glass-spined Brittle Star","species","","Patrick's Point State Park, CA","41.13197","-124.16403",41.13197,"Paper",-124.16403,"Paper","2016","May","12",NA,"San Mateo County, CA","Morris et al. 1980","Opportunistic+ (e.g. iNaturalist observation in a frequently studied area)","Include"
376,"Backwards","Include",NA,NA,NA,"",NA,"","Ophiothrix spiculata","","Glass-spined Brittle Star","species","","Horseshoe Cove, CA","38.316795","-123.06941",38.316795,"Paper",-123.06941,"Paper","2018","August","",NA,"San Mateo County, CA","Morris et al. 1980","Opportunistic+ (e.g. iNaturalist observation in a frequently studied area)","Include"
376,"Backwards","Include",NA,NA,NA,"",NA,"","Lissothuria nutriens","","Scarlet Sea Cucumber","species","","Bodega Head","38.305175","-123.05303",38.305175,"Paper",-123.05303,"Paper","2010","July","",NA,"Bodega Marine Reserve, CA","Wootten 1949); Rutherford 1975","Opportunistic+ (e.g. iNaturalist observation in a frequently studied area)","Include"
376,"Backwards","Include",NA,NA,NA,"",NA,"","Lissothuria nutriens","","Scarlet Sea Cucumber","species","","Fort Ross Reef, CA","38.50203","-123.230115",38.50203,"Paper",-123.230115,"Paper","2017","June","25",NA,"Bodega Marine Reserve, CA","Wootten 1949); Rutherford 1975","Opportunistic+ (e.g. iNaturalist observation in a frequently studied area)","Include"
376,"Backwards","Include",NA,NA,NA,"",NA,"","Pachythyone rubra","","Red Sea Cucumber","species","","Pinnacle Gulch, CA","38.305185","-123.077205",38.305185,"Paper",-123.077205,"Paper","1976","July","",NA,"Los Angeles to Monterey Bay","Morris et al. 1980, Bergen 1996, Ekert 2007, Lambert 2007","Opportunistic+ (e.g. iNaturalist observation in a frequently studied area)","Include"
376,"Backwards","Include",NA,NA,NA,"",NA,"","Pachythyone rubra","","Red Sea Cucumber","species","","Año Nuevo Cove, CA","37.11285","-122.32908",37.11285,"Paper",-122.32908,"Paper","1971","","",NA,"Los Angeles to Monterey Bay","Morris et al. 1980, Bergen 1996, Ekert 2007, Lambert 2007","Opportunistic+ (e.g. iNaturalist observation in a frequently studied area)","Include"
376,"Backwards","Include",NA,NA,NA,"",NA,"","Pachythyone rubra","","Red Sea Cucumber","species","","Año Nuevo Cove, CA","37.11285","-122.32908",37.11285,"Paper",-122.32908,"Paper","1972","","",NA,"Los Angeles to Monterey Bay","Morris et al. 1980, Bergen 1996, Ekert 2007, Lambert 2007","Opportunistic+ (e.g. iNaturalist observation in a frequently studied area)","Include"
376,"Backwards","Include",NA,NA,NA,"",NA,"","Pachythyone rubra","","Red Sea Cucumber","species","","Año Nuevo Cove, CA","37.11285","-122.32908",37.11285,"Paper",-122.32908,"Paper","1973","","",NA,"Los Angeles to Monterey Bay","Morris et al. 1980, Bergen 1996, Ekert 2007, Lambert 2007","Opportunistic+ (e.g. iNaturalist observation in a frequently studied area)","Include"
376,"Backwards","Include",NA,NA,NA,"",NA,"","Pachythyone rubra","","Red Sea Cucumber","species","","Pigeon Point, CA","37.18138","-122.39418",37.18138,"Paper",-122.39418,"Paper","1997","","",NA,"Los Angeles to Monterey Bay","Morris et al. 1980, Bergen 1996, Ekert 2007, Lambert 2007","Opportunistic+ (e.g. iNaturalist observation in a frequently studied area)","Include"
376,"Backwards","Include",NA,NA,NA,"",NA,"","Pachythyone rubra","","Red Sea Cucumber","species","","Bodega Marine Reserve, CA","38.31874","-123.07411",38.31874,"Paper",-123.07411,"Paper","2017","December","30",NA,"Los Angeles to Monterey Bay","Morris et al. 1980, Bergen 1996, Ekert 2007, Lambert 2007","Opportunistic+ (e.g. iNaturalist observation in a frequently studied area)","Include"
377,"Backwards","Include",NA,NA,NA,"",NA,"","Nyctiphanes simplex","","","species","","Cape Flattery, WA","48deg20'","124deg55'",48.333,"Paper",-124.92,"Paper","1983","September","15",NA,"N. Cal","Broduer 1986","Long-term monitoring site","Include"
377,"Backwards","Include",NA,NA,NA,"",NA,"","Aplysia californica","","California sea hare","species","","Yaquina Bay, OR","44deg36'","124deg04'",44.6,"Paper",-124.07,"Paper","1983","October","14, 19",NA,"Humboldt Bay, CA","PEarcy et al. 1985","Long-term monitoring site","Include"
378,"Backwards","Inconclusive",NA,NA,NA,"",NA,"","","","","","","","","",NA,"",NA,"","","","",NA,"","","","Inconclusive"
379,"Backwards","Include",NA,NA,NA,"",NA,"","Aplysia californica","Cooper, 1863","California sea hare","species","","Monterey Harbor, CA","","",36.61,"Google Maps",-121.950300940542,"R generated","2002","","",NA,"Yaquina Bay, OR (Goddard et al. 2016) to El Salvador (Behrens and Hermosillo 2005).","","Long-term monitoring site","Include"
379,"Backwards","Include",NA,NA,NA,"",NA,"","Aplysia californica","Cooper, 1863","California sea hare","species","","Monterey Harbor, CA","","",36.61,"Google Maps",-121.950300940542,"R generated","2004","","",NA,"Yaquina Bay, OR (Goddard et al. 2016) to El Salvador (Behrens and Hermosillo 2005).","","Long-term monitoring site","Include"
379,"Backwards","Include",NA,NA,NA,"",NA,"","Aplysia californica","Cooper, 1863","California sea hare","species","","Monterey Harbor, CA","","",36.61,"Google Maps",-121.950300940542,"R generated","2005","","",NA,"Yaquina Bay, OR (Goddard et al. 2016) to El Salvador (Behrens and Hermosillo 2005).","","Long-term monitoring site","Include"
379,"Backwards","Include",NA,NA,NA,"",NA,"","Aplysia californica","Cooper, 1863","California sea hare","species","","Monterey Harbor, CA","","",36.61,"Google Maps",-121.950300940542,"R generated","2006","","",NA,"Yaquina Bay, OR (Goddard et al. 2016) to El Salvador (Behrens and Hermosillo 2005).","","Long-term monitoring site","Include"
379,"Backwards","Include",NA,NA,NA,"",NA,"","Aplysia californica","Cooper, 1863","California sea hare","species","egg-laying aggregation","Monterey Harbor, CA","","",36.61,"Google Maps",-121.950300940542,"R generated","2011","April","28",NA,"Yaquina Bay, OR (Goddard et al. 2016) to El Salvador (Behrens and Hermosillo 2005).","","Long-term monitoring site","Include"
379,"Backwards","Include",NA,NA,NA,"",NA,"","Aplysia californica","Cooper, 1863","California sea hare","species","adults","Monterey Harbor, CA","","",36.61,"Google Maps",-121.950300940542,"R generated","2011","May; December","",NA,"Yaquina Bay, OR (Goddard et al. 2016) to El Salvador (Behrens and Hermosillo 2005).","","Long-term monitoring site","Include"
379,"Backwards","Include",NA,NA,NA,"",NA,"","Aplysia californica","Cooper, 1863","California sea hare","species","","Monterey Harbor, CA","","",36.61,"Google Maps",-121.950300940542,"R generated","2012","","",NA,"Yaquina Bay, OR (Goddard et al. 2016) to El Salvador (Behrens and Hermosillo 2005).","","Long-term monitoring site","Include"
379,"Backwards","Include",NA,NA,NA,"",NA,"","Aplysia californica","Cooper, 1863","California sea hare","species","egg-laying aggregation; several young adults","Monterey Harbor, CA","","",36.61,"Google Maps",-121.950300940542,"R generated","2013","March-August","",NA,"Yaquina Bay, OR (Goddard et al. 2016) to El Salvador (Behrens and Hermosillo 2005).","","Long-term monitoring site","Include"
379,"Backwards","Include",NA,NA,NA,"",NA,"","Aplysia californica","Cooper, 1863","California sea hare","species","egg-laying aggregation; several young adults","Monterey Harbor, CA","","",36.61,"Google Maps",-121.950300940542,"R generated","2014","March-December","",NA,"Yaquina Bay, OR (Goddard et al. 2016) to El Salvador (Behrens and Hermosillo 2005).","","Long-term monitoring site","Include"
379,"Backwards","Include",NA,NA,NA,"",NA,"","Aplysia californica","Cooper, 1863","California sea hare","species","egg-laying aggregation; several young adults","Monterey Harbor, CA","","",36.61,"Google Maps",-121.950300940542,"R generated","2015","October","",NA,"Yaquina Bay, OR (Goddard et al. 2016) to El Salvador (Behrens and Hermosillo 2005).","","Long-term monitoring site","Include"
379,"Backwards","Include",NA,NA,NA,"",NA,"","Aplysia californica","Cooper, 1863","California sea hare","species","egg-laying aggregation; several young adults","Monterey Harbor, CA","","",36.61,"Google Maps",-121.950300940542,"R generated","2016","","",NA,"Yaquina Bay, OR (Goddard et al. 2016) to El Salvador (Behrens and Hermosillo 2005).","","Long-term monitoring site","Include"
379,"Backwards","Include",NA,NA,NA,"",NA,"","Aplysia californica","Cooper, 1863","California sea hare","species","egg-laying aggregation; several young adults","Monterey Harbor, CA","","",36.61,"Google Maps",-121.950300940542,"R generated","2017","","",NA,"Yaquina Bay, OR (Goddard et al. 2016) to El Salvador (Behrens and Hermosillo 2005).","","Long-term monitoring site","Include"
379,"Backwards","Include",NA,NA,NA,"",NA,"","Aplysia californica","Cooper, 1863","California sea hare","species","egg-laying aggregation; several young adults","Monterey Harbor, CA","","",36.61,"Google Maps",-121.950300940542,"R generated","2018","","",NA,"Yaquina Bay, OR (Goddard et al. 2016) to El Salvador (Behrens and Hermosillo 2005).","","Long-term monitoring site","Include"
379,"Backwards","Include",NA,NA,NA,"",NA,"","Aplysia vaccaria","Winkler, 1955","Black sea hare","species","","Range expansion 25 km northward to Elkhorn Slough, CA (36.809091°, -121.784234°).","36.809091°","-121.784234°",36.809091,"Paper",-121.784234,"Paper","2014","December","14",NA,"Monterey Bay, CA to Gulf of California, México","Behrens and Hermosillo 2005","Opportunistic+ (e.g. iNaturalist observation in a frequently studied area)","Include"
379,"Backwards","Include",NA,NA,NA,"",NA,"","Aplysia vaccaria","Winkler, 1955","Black sea hare","species","","Range expansion 25 km northward to Elkhorn Slough, CA (36.809091°, -121.784234°).","36.809091°","-121.784234°",36.809091,"Paper",-121.784234,"Paper","2015","October","16",NA,"Monterey Bay, CA to Gulf of California, México","Behrens and Hermosillo 2005","Opportunistic+ (e.g. iNaturalist observation in a frequently studied area)","Include"
379,"Backwards","Include",NA,NA,NA,"",NA,"","Aplysia vaccaria","Winkler, 1955","Black sea hare","species","","Range expansion 25 km northward to Elkhorn Slough, CA (36.809091°, -121.784234°).","36.809091°","-121.784234°",36.809091,"Paper",-121.784234,"Paper","2016","June","8",NA,"Monterey Bay, CA to Gulf of California, México","Behrens and Hermosillo 2005","Opportunistic+ (e.g. iNaturalist observation in a frequently studied area)","Include"
379,"Backwards","Include",NA,NA,NA,"",NA,"","Arbacia stellata","Blainville, 1825","Starry urchin; black sea urchin","species","","Cannery Row, Monterey, CA","36.617498°","-121.897466",36.617498,"Paper",-121.897466,"Paper","2015","August","4",NA,"Northern Channel Islands, CA to Peru.","Engle and Richards 2001, Bertsch and Aguilar Rosas 2016","Long-term monitoring site","Include"
379,"Backwards","Include",NA,NA,NA,"",NA,"","Lovenia cordiformis","Agassiiz, 1872","Heart urchin or sea porcupine","species","","Range extension 378 km northward to Pacific Grove, CA (36.626393°, -121.905207°).","36.626393","-121.905207",36.626393,"Paper",-121.905207,"Paper","2016","June","29",NA,"Point Conception, CA to northern Peru","Bertsch and Aguilar Rosas 2016","Opportunistic+ (e.g. iNaturalist observation in a frequently studied area)","Include"
379,"Backwards","Include",NA,NA,NA,"",NA,"","Malacoplax californiensis","Lockington, 1877","California burrowing crab","species","","Range expansion 212 km northward to Elkhorn Slough, CA (36.823946°, -121.739847°).","36.823946","-121.739847",36.823946,"Paper",-121.739847,"Paper","2016","October","28",NA,"Morro Bay, CA to Golfo Dulce, Costa Rica","Campos and de Campos 2012","Long-term monitoring site","Include"
379,"Backwards","Include",NA,NA,NA,"",NA,"","Spirobranchs spinosus","Moore, 1923","Christmas tree worm","species","","Lovers Cove, Pacific Grove (36.625496°, -121.913745°)","36.625496","-121.913745",36.625496,"Paper",-121.913745,"Paper","2018","March","8",NA,"Central CA to BC, México (Bertsch and Aguilar Rosas 2016).","","Opportunistic+ (e.g. iNaturalist observation in a frequently studied area)","Include"
379,"Backwards","Include",NA,NA,NA,"",NA,"","Spirobranchs spinosus","Moore, 1923","Christmas tree worm","species","","Carmel, CA","","",36.55,"Google Maps",-121.931713870236,"R generated","1941","","",NA,"Central CA to BC, México (Bertsch and Aguilar Rosas 2016).","","Opportunistic+ (e.g. iNaturalist observation in a frequently studied area)","Include"
379,"Backwards","Include",NA,NA,NA,"",NA,"","Spirobranchs spinosus","Moore, 1923","Christmas tree worm","species","","Square Black Rock, Big Sur","","",36.07,"Google Maps",-121.603979041694,"R generated","2010","September","9",NA,"Central CA to BC, México (Bertsch and Aguilar Rosas 2016).","","Opportunistic+ (e.g. iNaturalist observation in a frequently studied area)","Include"
379,"Backwards","Include",NA,NA,NA,"",NA,"","Spirobranchs spinosus","Moore, 1923","Christmas tree worm","species","","Spruce Creek, Big Sur","","",35.87,"Google Maps",-121.442978322071,"R generated","2011","October","17",NA,"Central CA to BC, México (Bertsch and Aguilar Rosas 2016).","","Opportunistic+ (e.g. iNaturalist observation in a frequently studied area)","Include"
379,"Backwards","Include",NA,NA,NA,"",NA,"","Spirobranchs spinosus","Moore, 1923","Christmas tree worm","species","","pinnacle south of Yankee Point, Carmel (36.498474°, -121.945696°)","36.498474","-121.945696",36.498474,"Google Maps",-121.945696,"Google Maps","2011","October","19",NA,"Central CA to BC, México (Bertsch and Aguilar Rosas 2016).","","Opportunistic+ (e.g. iNaturalist observation in a frequently studied area)","Include"
379,"Backwards","Include",NA,NA,NA,"",NA,"","Spirobranchs spinosus","Moore, 1923","Christmas tree worm","species","","Triple Arches, Big Sur (36.465218°, -121.931978°)","36.465218","-121.931978",36.465218,"Google Maps",-121.931978,"Google Maps","2013","October","18",NA,"Central CA to BC, México (Bertsch and Aguilar Rosas 2016).","","Opportunistic+ (e.g. iNaturalist observation in a frequently studied area)","Include"
379,"Backwards","Include",NA,NA,NA,"",NA,"","Spirobranchs spinosus","Moore, 1923","Christmas tree worm","species","","Dolan Rock, Big Sur (36.078881°, -121.615151°)","36.078881","-121.615151",36.078881,"Google Maps",-121.615151,"Google Maps","2013","December","6",NA,"Central CA to BC, México (Bertsch and Aguilar Rosas 2016).","","Opportunistic+ (e.g. iNaturalist observation in a frequently studied area)","Include"
379,"Backwards","Include",NA,NA,NA,"",NA,"","Spirobranchs spinosus","Moore, 1923","Christmas tree worm","species","","Monastery downcoast (PISCO site) in Carmel Bay (36.524485°, -121.932952°)","36.524485","-121.932952",36.524485,"Google Maps",-121.932952,"Google Maps","2014","October","2",NA,"Central CA to BC, México (Bertsch and Aguilar Rosas 2016).","","Opportunistic+ (e.g. iNaturalist observation in a frequently studied area)","Include"
379,"Backwards","Include",NA,NA,NA,"",NA,"","Spirobranchs spinosus","Moore, 1923","Christmas tree worm","species","","Hopkins upcoast (PISCO site) in Monterey Bay (36.620486°, -121.901848°)","36.620486","-121.901848",36.620486,"Google Maps",-121.901848,"Google Maps","2018","June","26",NA,"Central CA to BC, México (Bertsch and Aguilar Rosas 2016).","","Opportunistic+ (e.g. iNaturalist observation in a frequently studied area)","Include"
379,"Backwards","Include",NA,NA,NA,"",NA,"","Uca princeps","Smith, 1870","Princely fiddler crab","species","","Range expansion 240 km northward to Bolsa Chica, Orange County, California, USA (33.70351, -118.046551)","33.70351","-118.046551",33.70351,"Google Maps",-118.046551,"Google Maps","2018","June","",NA,"Ensenada, BC, México to Zamurilla River, Peru","Campos and Campos 2012","Long-term monitoring site","Include"
380,"Backwards","Include",NA,NA,NA,"",NA,"","Aplysia californica","Cooper, 1863","California sea hare","species","","Monterey Harbor, CA","","",36.61,"Google Maps",-121.950300940542,"R generated","2001","","",NA,"Yaquina Bay, OR (Goddard et al. 2016) to El Salvador (Behrens and Hermosillo 2005).","","Long-term monitoring site","Include"
381,"Backwards","Exclude",NA,TRUE,NA,"",NA,"","","","","","","","","",NA,"",NA,"","","","",NA,"","","","Exclude"
382,"Backwards","Inconclusive",NA,NA,NA,"",NA,"","","","","","","","","",NA,"",NA,"","","","",NA,"","","","Inconclusive"
383,"Backwards","Include",NA,NA,NA,"",NA,"","Pyrosoma atlanticum","","","species","","from Oregon to BritishColumbia, and occurred in scientific samples as far north asthe Gulf of Alaska","59-60 degrees N","-146 to -144 degrees E",59,"Paper",-144,"Paper","2017","","",NA,"common only as far north as southern California, rarely seen North of the sate","","Long-term monitoring site","Include"
383,"Backwards","Include",NA,NA,NA,"",NA,"","Pyrosoma atlanticum","","","species","","Starting in June 2014, they occurred in pelagic trawl surveys in offshore waters of southern Oregon, moving progressively northward in the summer of 2015 and 2016, but still in waters off the shelf break. C","","",42.07,"Google Maps",-124.315492807567,"R generated","2016","","",NA,"common only as far north as southern California, rarely seen North of the sate","","Long-term monitoring site","Include"
383,"Backwards","Include",NA,NA,NA,"",NA,"","Pyrosoma atlanticum","","","species","","Starting in June 2014, they occurred in pelagic trawl surveys in offshore waters of southern Oregon, moving progressively northward in the summer of 2015 and 2016, but still in waters off the shelf break. C","","",42.07,"Google Maps",-124.315492807567,"R generated","2015","","",NA,"common only as far north as southern California, rarely seen North of the sate","","Long-term monitoring site","Include"
383,"Backwards","Include",NA,NA,NA,"",NA,"","Pyrosoma atlanticum","","","species","","Starting in June 2014, they occurred in pelagic trawl surveys in offshore waters of southern Oregon, moving progressively northward in the summer of 2015 and 2016, but still in waters off the shelf break. C","","",42.07,"Google Maps",-124.315492807567,"R generated","2014","June","",NA,"common only as far north as southern California, rarely seen North of the sate","","Long-term monitoring site","Include"
384,"Backwards","Inconclusive",NA,NA,NA,"",NA,"","Pegea socia","","","species","","Southern California","","",NA,"",NA,"","1951-1976","","",NA,"","","","Inconclusive"
384,"Backwards","Inconclusive",NA,NA,NA,"",NA,"","Cyclosalpa bakeri","","","species","","Southern California","","",NA,"",NA,"","1951-1976","","",NA,"","","","Inconclusive"
384,"Backwards","Inconclusive",NA,NA,NA,"",NA,"","Cyclosalpa affinis","","","species","","Southern California","","",NA,"",NA,"","1951-1976","","",NA,"","","","Inconclusive"
384,"Backwards","Inconclusive",NA,NA,NA,"",NA,"","Cyclosalpa bakeri","","","species","","Southern California","","",NA,"",NA,"","2001","","",NA,"","","","Inconclusive"
384,"Backwards","Inconclusive",NA,NA,NA,"",NA,"","Cyclosalpa affinis","","","species","","Southern California","","",NA,"",NA,"","2001","","",NA,"","","","Inconclusive"
385,"Backwards","Inconclusive",NA,NA,NA,"",NA,"","","","","","","","","",NA,"",NA,"","","","",NA,"","","","Inconclusive"
386,"Backwards","Include",NA,NA,NA,"",NA,"","Aplysia californica","Cooper J.G. (1863)","sea hare","species","","Yaquina Bay Jetty, OR","","",44.609567,"Google Maps",-124.063123786977,"R generated","1983","October","14, 19",NA,"California ","GBIF","Long-term monitoring site","Include"
387,"Backwards","Inconclusive",NA,NA,NA,"",NA,"","","","","","","","","",NA,"",NA,"","","","",NA,"","","","Inconclusive"
388,"Backwards","Include",NA,NA,NA,"",NA,"","Dosidicus gigas","","Jumbo squid","species","adult","San Pedro","","",33.700615,"Google Maps",-118.054704482789,"R generated","1934","August","6",NA,"Occasional specimens have been taken oft the eastern coast of Australia and in waters to the eastward, off Chile and Peru. from Southern California waters and from Monterey Bay.","","Long-term monitoring site","Include"
388,"Backwards","Include",NA,NA,NA,"",NA,"","Dosidicus gigas","","Jumbo squid","species","adult","Monterey, CA","","",36.611029,"Google Maps",-121.94983042397,"R generated","1910","","",NA,"Occasional specimens have been taken oft the eastern coast of Australia and in waters to the eastward, off Chile and Peru. from Southern California waters and from Monterey Bay.","","Opportunistic+ (e.g. iNaturalist observation in a frequently studied area)","Include"
389,"Backwards","Include",NA,NA,NA,"",NA,"","Acanthinucella spirata","Blainville, 1832","","species","","Cape Mendocino, CA","40.396N","-124.378W",40.396,"Paper",-124.378,"Paper","2017","June","17",NA,"Tomales Bay, California to Punta Baja, Baja California","","Opportunistic","Include"
390,"Backwards","Inconclusive",NA,NA,NA,"",NA,"","Kelletia kelletii","(Forbes, 1852)","","","","California, north of point conception","","",NA,"",NA,"","1970's","","",NA,"California, south of point conception","","","Inconclusive"
391,"Backwards","Exclude",NA,NA,NA,"TRUE",NA,"","","","","","","","","",NA,"",NA,"","","","",NA,"","","","Exclude"
392,"Backwards","Inconclusive",NA,NA,NA,"",NA,"","","","","","","","","",NA,"",NA,"","","","",NA,"","","","Inconclusive"
393,"Backwards","Include",NA,NA,NA,"",NA,"","Dosidicus gigas","","Humboldt squid or jumbo flying squid","species","","Yakutat","","",59.485662,"Google Maps",-139.858311,"Google Maps","1997","","",NA,"has a range extending from 35° N (California) south to Tierra del Fuego in South America","Norman, 2000; Roper et. al., 1984","Long-term monitoring site","Include"
393,"Backwards","Include",NA,NA,NA,"",NA,"","Dosidicus gigas","","Humboldt squid or jumbo flying squid","species","","The collection location was ""about 20 km southwest of Carmanah Point and 7 km south of Swiftsure Bank"" near Vancouver Island","","",48.5,"By hand",-124.85,"By hand","2004","October","2",NA,"has a range extending from 35° N (California) south to Tierra del Fuego in South America","Norman, 2000; Roper et. al., 1984","Long-term monitoring site","Include"
394,"Backwards","Include",NA,NA,NA,"",NA,"","Dosidicus gigas","","Jumbo squid","species","adult","Newport to Bandon","43°N to at least 43°40′N","",43.6667,"Paper",-124.191656438226,"R generated","1997","September","30",NA,"""endemic to the eastern tropical Pacific (Wormuth, 1976), but occasionally occurs off southern California.""","","Long-term monitoring site","Include"
395,"Backwards","Exclude",NA,TRUE,NA,"",NA,"","","","","","","","","",NA,"",NA,"","","","",NA,"","","","Exclude"
396,"Backwards","Exclude",NA,NA,NA,"TRUE",NA,"","","","","","","","","",NA,"",NA,"","","","",NA,"","","","Exclude"
397,"Backwards","Exclude",NA,NA,NA,"TRUE",TRUE,"","","","","","","","","",NA,"",NA,"","","","",NA,"","","","Exclude"
398,"Backwards","Exclude",NA,NA,NA,"TRUE",NA,"","","","","","","","","",NA,"",NA,"","","","",NA,"","","","Exclude"
399,"Backwards","Include",NA,NA,NA,"",NA,"","Kelletia kelletii","Forbes, 1852","","species","","Hopkins Marine Life Refuge, Pacific Grove, CA","","",36.623995,"Google Maps",-121.91189734422,"R generated","1980","May","2",NA,"""These records are significant due to the lack of reports of Kelletia kelletii north of Point Conception""","Abbott 1974, McLean 1978","Opportunistic+ (e.g. iNaturalist observation in a frequently studied area)","Include"
399,"Backwards","Include",NA,NA,NA,"",NA,"","Kelletia kelletii","Forbes, 1852","","species","","Monterey Macrocystis forest","","",36.611029,"Google Maps",-121.94983042397,"R generated","1981","January","",NA,"""These records are significant due to the lack of reports of Kelletia kelletii north of Point Conception""","Abbott 1974, McLean 1978","Opportunistic+ (e.g. iNaturalist observation in a frequently studied area)","Include"
400,"Backwards","Exclude",NA,NA,NA,"TRUE",NA,"","","","","","","","","",NA,"",NA,"","","","",NA,"","","","Exclude"
401,"Backwards","Exclude",NA,NA,NA,"TRUE",NA,"","","","","","","","","",NA,"",NA,"","","","",NA,"","","","Exclude"
402,"Backwards","Include",NA,NA,NA,"",NA,"","Pleuroncodes planipes","","Pelagic red crab","species","","north of U.S.-Mexico international border (San Diegan region)","","",32.663501,"Google Maps",-117.149846084033,"R generated","1941","","",NA,"""tropical region organism""","","Opportunistic+ (e.g. iNaturalist observation in a frequently studied area)","Include"
402,"Backwards","Include",NA,NA,NA,"",NA,"","Pleuroncodes planipes","","Pelagic red crab","species","","north of U.S.-Mexico international border (San Diegan region)","","",32.663501,"Google Maps",-117.149846084033,"R generated","1957","","",NA,"""tropical region organism""","","Opportunistic+ (e.g. iNaturalist observation in a frequently studied area)","Include"
402,"Backwards","Include",NA,NA,NA,"",NA,"","Pleuroncodes planipes","","Pelagic red crab","species","","north of U.S.-Mexico international border (San Diegan region)","","",32.663501,"Google Maps",-117.149846084033,"R generated","1958","","",NA,"""tropical region organism""","","Opportunistic+ (e.g. iNaturalist observation in a frequently studied area)","Include"
402,"Backwards","Include",NA,NA,NA,"",NA,"","Pleuroncodes planipes","","Pelagic red crab","species","","north of U.S.-Mexico international border (San Diegan region)","","",32.663501,"Google Maps",-117.149846084033,"R generated","1959","","",NA,"""tropical region organism""","","Opportunistic+ (e.g. iNaturalist observation in a frequently studied area)","Include"
402,"Backwards","Include",NA,NA,NA,"",NA,"","Pleuroncodes planipes","","Pelagic red crab","species","","north of U.S.-Mexico international border (San Diegan region)","","",32.663501,"Google Maps",-117.149846084033,"R generated","1960","","",NA,"""tropical region organism""","","Opportunistic+ (e.g. iNaturalist observation in a frequently studied area)","Include"
402,"Backwards","Include",NA,NA,NA,"",NA,"","Pleuroncodes planipes","","Pelagic red crab","species","","north of U.S.-Mexico international border (San Diegan region)","","",32.663501,"Google Maps",-117.149846084033,"R generated","1970","","",NA,"""tropical region organism""","","Opportunistic+ (e.g. iNaturalist observation in a frequently studied area)","Include"
402,"Backwards","Include",NA,NA,NA,"",NA,"","Pleuroncodes planipes","","Pelagic red crab","species","","north of U.S.-Mexico international border (San Diegan region)","","",32.663501,"Google Maps",-117.149846084033,"R generated","1972","","",NA,"""tropical region organism""","","Opportunistic+ (e.g. iNaturalist observation in a frequently studied area)","Include"
402,"Backwards","Include",NA,NA,NA,"",NA,"","Pleuroncodes planipes","","Pelagic red crab","species","","north of U.S.-Mexico international border (San Diegan region)","","",32.663501,"Google Maps",-117.149846084033,"R generated","1973","","",NA,"""tropical region organism""","","Opportunistic+ (e.g. iNaturalist observation in a frequently studied area)","Include"
402,"Backwards","Include",NA,NA,NA,"",NA,"","Pleuroncodes planipes","","Pelagic red crab","species","","north of U.S.-Mexico international border (San Diegan region)","","",32.663501,"Google Maps",-117.149846084033,"R generated","1979","","",NA,"""tropical region organism""","","Opportunistic+ (e.g. iNaturalist observation in a frequently studied area)","Include"
402,"Backwards","Include",NA,NA,NA,"",NA,"","Pleuroncodes planipes","","Pelagic red crab","species","","north of U.S.-Mexico international border (San Diegan region)","","",32.663501,"Google Maps",-117.149846084033,"R generated","1980","","",NA,"""tropical region organism""","","Opportunistic+ (e.g. iNaturalist observation in a frequently studied area)","Include"
402,"Backwards","Include",NA,NA,NA,"",NA,"","Euphylax dovii","","Swimming crab","species","","north of U.S.-Mexico international border (San Diegan region)","","",32.663501,"Google Maps",-117.149846084033,"R generated","1943","","",NA,"""tropical region organism""","","Opportunistic+ (e.g. iNaturalist observation in a frequently studied area)","Include"
402,"Backwards","Include",NA,NA,NA,"",NA,"","Euphylax dovii","","Swimming crab","species","","north of U.S.-Mexico international border (San Diegan region)","","",32.663501,"Google Maps",-117.149846084033,"R generated","1959","","",NA,"""tropical region organism""","","Opportunistic+ (e.g. iNaturalist observation in a frequently studied area)","Include"
402,"Backwards","Include",NA,NA,NA,"",NA,"","Euphylax dovii","","Swimming crab","species","","north of U.S.-Mexico international border (San Diegan region)","","",32.663501,"Google Maps",-117.149846084033,"R generated","1974","","",NA,"""tropical region organism""","","Opportunistic+ (e.g. iNaturalist observation in a frequently studied area)","Include"
402,"Backwards","Include",NA,NA,NA,"",NA,"","Lophogorgia chiliensis","","White gorgonian","species","","north of U.S.-Mexico international border (San Diegan region)","","",32.663501,"Google Maps",-117.149846084033,"R generated","1960","","",NA,"""tropical region organism""","","Opportunistic+ (e.g. iNaturalist observation in a frequently studied area)","Include"
402,"Backwards","Include",NA,NA,NA,"",NA,"","Panulirus gracilis","","Pinto lobser","species","","north of U.S.-Mexico international border (San Diegan region)","","",32.663501,"Google Maps",-117.149846084033,"R generated","1961","","",NA,"""tropical region organism""","","Opportunistic+ (e.g. iNaturalist observation in a frequently studied area)","Include"
402,"Backwards","Include",NA,NA,NA,"",NA,"","Lyropectin subnudosus","","Blunt-knobbed scallop","species","","north of U.S.-Mexico international border (San Diegan region)","","",32.663501,"Google Maps",-117.149846084033,"R generated","1959","","",NA,"""tropical region organism""","","Opportunistic+ (e.g. iNaturalist observation in a frequently studied area)","Include"
402,"Backwards","Include",NA,NA,NA,"",NA,"","Dosidicus gigas","","Jumbo squid","species","","north of U.S.-Mexico international border (San Diegan region)","","",32.663501,"Google Maps",-117.149846084033,"R generated","1909","","",NA,"""tropical region organism""","","Opportunistic+ (e.g. iNaturalist observation in a frequently studied area)","Include"
402,"Backwards","Include",NA,NA,NA,"",NA,"","Dosidicus gigas","","Jumbo squid","species","","north of U.S.-Mexico international border (San Diegan region)","","",32.663501,"Google Maps",-117.149846084033,"R generated","1934","","",NA,"""tropical region organism""","","Opportunistic+ (e.g. iNaturalist observation in a frequently studied area)","Include"
402,"Backwards","Include",NA,NA,NA,"",NA,"","Dosidicus gigas","","Jumbo squid","species","","north of U.S.-Mexico international border (San Diegan region)","","",32.663501,"Google Maps",-117.149846084033,"R generated","1935","","",NA,"""tropical region organism""","","Opportunistic+ (e.g. iNaturalist observation in a frequently studied area)","Include"
402,"Backwards","Include",NA,NA,NA,"",NA,"","Dosidicus gigas","","Jumbo squid","species","","north of U.S.-Mexico international border (San Diegan region)","","",32.663501,"Google Maps",-117.149846084033,"R generated","1936","","",NA,"""tropical region organism""","","Opportunistic+ (e.g. iNaturalist observation in a frequently studied area)","Include"
402,"Backwards","Include",NA,NA,NA,"",NA,"","Dosidicus gigas","","Jumbo squid","species","","north of U.S.-Mexico international border (San Diegan region)","","",32.663501,"Google Maps",-117.149846084033,"R generated","1937","","",NA,"""tropical region organism""","","Opportunistic+ (e.g. iNaturalist observation in a frequently studied area)","Include"
402,"Backwards","Include",NA,NA,NA,"",NA,"","Dosidicus gigas","","Jumbo squid","species","","north of U.S.-Mexico international border (San Diegan region)","","",32.663501,"Google Maps",-117.149846084033,"R generated","1975","","",NA,"""tropical region organism""","","Opportunistic+ (e.g. iNaturalist observation in a frequently studied area)","Include"
402,"Backwards","Include",NA,NA,NA,"",NA,"","Dosidicus gigas","","Jumbo squid","species","","north of U.S.-Mexico international border (San Diegan region)","","",32.663501,"Google Maps",-117.149846084033,"R generated","1976","","",NA,"""tropical region organism""","","Opportunistic+ (e.g. iNaturalist observation in a frequently studied area)","Include"
402,"Backwards","Include",NA,NA,NA,"",NA,"","Eucidaris thouarsii","","Club-spined urchin","species","","north of U.S.-Mexico international border (San Diegan region)","","",32.663501,"Google Maps",-117.149846084033,"R generated","1958","","",NA,"""tropical region organism""","","Opportunistic+ (e.g. iNaturalist observation in a frequently studied area)","Include"
402,"Backwards","Include",NA,NA,NA,"",NA,"","Eucidaris thouarsii","","Club-spined urchin","species","","north of U.S.-Mexico international border (San Diegan region)","","",32.663501,"Google Maps",-117.149846084033,"R generated","1960","","",NA,"""tropical region organism""","","Opportunistic+ (e.g. iNaturalist observation in a frequently studied area)","Include"
402,"Backwards","Include",NA,NA,NA,"",NA,"","Emerita analoga","","Sand crab","species","","north of the California-Oregon boundary (central Oregonian region)","","",41.999703,"Google Maps",-124.214582683163,"R generated","1941","","",NA,"""san diegan region organism""","","Opportunistic+ (e.g. iNaturalist observation in a frequently studied area)","Include"
402,"Backwards","Include",NA,NA,NA,"",NA,"","Emerita analoga","","Sand crab","species","","north of the California-Oregon boundary (central Oregonian region)","","",41.999703,"Google Maps",-124.214582683163,"R generated","1959","","",NA,"""san diegan region organism""","","Opportunistic+ (e.g. iNaturalist observation in a frequently studied area)","Include"
402,"Backwards","Include",NA,NA,NA,"",NA,"","Loligo opalescens","","Market squid","species","","north of the California-Oregon boundary (central Oregonian region)","","",41.999703,"Google Maps",-124.214582683163,"R generated","1941","","",NA,"""san diegan region organism""","","Opportunistic+ (e.g. iNaturalist observation in a frequently studied area)","Include"
402,"Backwards","Include",NA,NA,NA,"",NA,"","Loligo opalescens","","Market squid","species","","north of the California-Oregon boundary (central Oregonian region)","","",41.999703,"Google Maps",-124.214582683163,"R generated","1959","","",NA,"""san diegan region organism""","","Opportunistic+ (e.g. iNaturalist observation in a frequently studied area)","Include"
403,"Backwards","Include",NA,NA,NA,"",NA,"","Dosidicus gigas","","Humboldt squid","species","","Chesterman Beach, Tofino BC","49.11374","−125.8907608",49.11374,"Paper",-123.065823380089,"R generated","2009","August","days 2, 4, 6",NA,"historic range extending along the eastern Pacific Ocean from Chile to California","Nigmatullin et al. 2001","Opportunistic+ (e.g. iNaturalist observation in a frequently studied area)","Include"
404,"Backwards","Exclude",NA,NA,NA,"TRUE",NA,"","","","","","","","","",NA,"",NA,"","","","",NA,"","","","Exclude"
405,"Backwards","Exclude",NA,NA,TRUE,"",NA,"","Pleuroncodes planipes","","","species","","Monterey","","",36.611029,"Google Maps",NA,"","1859","March","",NA,"Ordinarily this species is uncommon north of central Baja California","","Opportunistic+ (e.g. iNaturalist observation in a frequently studied area)","Exclude"
405,"Backwards","Include",NA,NA,NA,"",NA,"","Pleuroncodes planipes","","","species","","Los Coronados and Santa Catalina islands","","",33.34,"Google Maps",-117.51643540983,"R generated","1941","Spring and Summer","",NA,"Ordinarily this species is uncommon north of central Baja California","","Opportunistic+ (e.g. iNaturalist observation in a frequently studied area)","Include"
405,"Backwards","Include",NA,NA,NA,"",NA,"","Velella velella","","","species","","British Columbia","","",48.45,"Google Maps",-122.914104020043,"R generated","1926","","",NA,"Ordinarily this species is uncommon north of central Baja California","","Opportunistic+ (e.g. iNaturalist observation in a frequently studied area)","Include"
406,"Backwards","Include",NA,NA,NA,"",NA,"","Pleuroncodes planipes","","pelagic red crab","species","","very common off southern California after the latter part of 1957","","",32.65,"Google Maps",-117.141179004804,"R generated","1957","fall/winter","",NA,"They are abundant from the middle of Baja California to about 150 miles south of Cape San Lucas","","Long-term monitoring site","Include"
406,"Backwards","Exclude",NA,NA,TRUE,"",NA,"","Pleuroncodes planipes","","pelagic red crab","species","","Monterey, California","","",36.611029,"Google Maps",NA,"","1859","March","",NA,"They are abundant from the middle of Baja California to about 150 miles south of Cape San Lucas","","Long-term monitoring site","Exclude"
406,"Backwards","Include",NA,NA,NA,"",NA,"","Pleuroncodes planipes","","pelagic red crab","species","","Santa Monica Bay","","",33.94,"Google Maps",-118.440429837371,"R generated","1941","","",NA,"They are abundant from the middle of Baja California to about 150 miles south of Cape San Lucas","","Long-term monitoring site","Include"
406,"Backwards","Include",NA,NA,NA,"",NA,"","Pleuroncodes planipes","","pelagic red crab","species","","La Jolla","","",32.83,"Google Maps",-117.28112139714,"R generated","1957","December","5",NA,"They are abundant from the middle of Baja California to about 150 miles south of Cape San Lucas","","Long-term monitoring site","Include"
406,"Backwards","Include",NA,NA,NA,"",NA,"","Pleuroncodes planipes","","pelagic red crab","species","","Point Vincente","","",33.74,"Google Maps",-118.404772527663,"R generated","1957","December","9",NA,"They are abundant from the middle of Baja California to about 150 miles south of Cape San Lucas","","Long-term monitoring site","Include"
406,"Backwards","Include",NA,NA,NA,"",NA,"","Pleuroncodes planipes","","pelagic red crab","species","","Point Vincente","","",33.74,"Google Maps",-118.404772527663,"R generated","1959","January","24",NA,"They are abundant from the middle of Baja California to about 150 miles south of Cape San Lucas","","Long-term monitoring site","Include"
406,"Backwards","Include",NA,NA,NA,"",NA,"","Pleuroncodes planipes","","pelagic red crab","species","","Cabrillo Beach, San Pedro, CA","","",33.71,"Google Maps",-118.301491595419,"R generated","1959","March","24",NA,"They are abundant from the middle of Baja California to about 150 miles south of Cape San Lucas","","Long-term monitoring site","Include"
406,"Backwards","Include",NA,NA,NA,"",NA,"","Pleuroncodes planipes","","pelagic red crab","species","","reported from the Santa Cruz, Anacapa and Santa Barbara Is-lands, and from as far north as Monterey Bay","","",36.611029,"Google Maps",-121.94983042397,"R generated","1959","fall","",NA,"They are abundant from the middle of Baja California to about 150 miles south of Cape San Lucas","","Long-term monitoring site","Include"
406,"Backwards","Include",NA,NA,NA,"",NA,"","Pleuroncodes planipes","","pelagic red crab","species","","Monterey Bay, CA","","",36.611029,"Google Maps",-121.94983042397,"R generated","1960","January","",NA,"They are abundant from the middle of Baja California to about 150 miles south of Cape San Lucas","","Long-term monitoring site","Include"
407,"Backwards","Include",NA,NA,NA,"",NA,"","Thalia democratica","Forskal, 1775","","species","","off Oregon","","",42.15,"Google Maps",-124.366135266842,"R generated","1963","September; November; December","",NA,"It is the most abundant species of salp south of 35' in the northeastern Pacific (Ritter 1905; Thompson 1948; Berner MS 1957)","","Opportunistic+ (e.g. iNaturalist observation in a frequently studied area)","Include"
407,"Backwards","Include",NA,NA,NA,"",NA,"","Helicosalpa virgula","Vogt, 1854","","species","","45 miles off Coos Bay","","",43.36,"Google Maps",-125.11,"By hand","1963","March","",NA,"usually has been collected in warm oceanic regions (Thompson 1948; Yount 1958), has not previously been reported in the northeastern Pacific Ocean","","Opportunistic+ (e.g. iNaturalist observation in a frequently studied area)","Include"
407,"Backwards","Include",NA,NA,NA,"",NA,"","Thetys vagina","Tilesius 1802","","species","","This cosmopolitan species was captured only five times, all in May and June of 1963. It was collected on every station line except the northern line, occurring between 25 and 5 miles offshore. [looks to be as far north as 44.8N in Fig. 1]","","",44.8,"Figure",-124.202,"By hand","1963","May and June","",NA,"cosmopolitan specie","","Opportunistic+ (e.g. iNaturalist observation in a frequently studied area)","Include"
408,"Backwards","Exclude",NA,NA,NA,"",TRUE,"","","","","","","","","",NA,"",NA,"","","","",NA,"","","","Exclude"
409,"Backwards","Include",NA,NA,NA,"",NA,"","Emerita analoga","","","species","","collected on the Washington coast during summer of 1983","","",46.32,"Google Maps",-124.069603557284,"R generated","1983","summer","",NA,"permanent colonies of the sand, or mole, crab occur from Oregon to Mexico and in Peru, Chile and Argentina","Hart 1982","Opportunistic+ (e.g. iNaturalist observation in a frequently studied area)","Include"
